Employee_ID,Employee_Name,Gender,Department,Job_Role,Education_Level,Experience_Years,Monthly_Salary,Job_Satisfaction,Work_Life_Balance,Performance_Rating,Overtime,Promotion_Status,Attrition
1,Anika Malhotra,Female,IT,Executive,Masters,19,112164,3,2,3,Yes,Not Promoted,Yes
2,Aditya Yadav,Male,HR,Associate,MBA,18,126233,4,4,2,No,Not Promoted,No
3,Aarav Bansal,Female,Operations,Manager,PhD,12,115272,3,3,3,Yes,Not Promoted,Yes
4,Aadhya Kapoor,Female,Finance,Executive,Masters,0,100447,4,4,3,Yes,Not Promoted,No
5,Aadhya Kulkarni,Female,IT,Manager,Masters,5,83179,3,4,4,Yes,Not Promoted,No
6,Aditya Iyer,Male,Finance,Executive,PhD,16,70190,1,1,5,Yes,Promoted,Yes
7,Myra Nair,Male,Sales,Developer,Bachelors,17,140812,5,4,4,No,Promoted,No
8,Diya Reddy,Female,Operations,Manager,Masters,16,163971,4,5,5,Yes,Promoted,Yes
9,Vihaan Singh,Female,HR,Associate,MBA,2,130945,2,1,2,Yes,Promoted,No
10,Aadhya Malhotra,Female,Marketing,Executive,MBA,19,73166,2,3,1,Yes,Not Promoted,No
11,Ananya Choudhary,Female,Sales,Manager,PhD,15,80094,1,5,4,No,Not Promoted,Yes
12,Pooja Singh,Female,IT,Associate,MBA,5,166466,3,4,5,No,Promoted,No
13,Ira Singh,Female,Sales,Associate,PhD,13,155762,3,3,5,No,Not Promoted,No
14,Aanya Das,Male,HR,Executive,PhD,11,59795,3,2,4,No,Not Promoted,No
15,Myra Khan,Male,Finance,Associate,MBA,15,78784,1,4,4,No,Not Promoted,Yes
16,Riya Malhotra,Female,IT,Associate,Masters,17,103562,4,1,3,No,Not Promoted,Yes
17,Ishaan Khan,Male,Sales,Manager,PhD,19,134492,4,5,2,Yes,Not Promoted,Yes
18,Vihaan Das,Male,Finance,Associate,MBA,11,59203,2,2,1,Yes,Not Promoted,No
19,Pooja Choudhary,Female,Sales,Manager,Masters,18,149848,3,3,5,No,Not Promoted,Yes
20,Vihaan Gupta,Male,IT,Analyst,PhD,11,176128,5,4,1,Yes,Not Promoted,No
21,Aadhya Joshi,Female,IT,Manager,Masters,11,117588,5,5,4,No,Promoted,Yes
22,Anika Kapoor,Female,Finance,Developer,Bachelors,3,41947,1,5,3,No,Not Promoted,No
23,Riya Gupta,Male,Sales,Executive,MBA,8,104668,2,1,5,No,Promoted,Yes
24,Riya Das,Male,Finance,Developer,PhD,2,41474,2,3,5,Yes,Promoted,No
25,Vihaan Joshi,Male,IT,Analyst,MBA,5,139488,1,2,1,Yes,Not Promoted,No
26,Reyansh Gupta,Male,HR,Developer,Bachelors,12,49390,3,5,2,Yes,Not Promoted,Yes
27,Aarav Bansal,Male,Sales,Associate,MBA,7,153023,4,1,4,Yes,Not Promoted,No
28,Aditya Das,Female,Finance,Manager,MBA,6,151138,1,2,1,No,Promoted,No
29,Sara Singh,Male,Sales,Developer,Masters,9,170968,2,2,3,Yes,Promoted,No
30,Diya Verma,Male,Sales,Developer,MBA,11,124572,3,1,4,No,Not Promoted,No
31,Myra Shetty,Female,IT,Consultant,PhD,13,61797,2,4,5,No,Not Promoted,No
32,Aarav Malhotra,Female,Finance,Analyst,PhD,9,47819,1,3,3,No,Promoted,Yes
33,Riya Agarwal,Male,Operations,Executive,Bachelors,6,48089,5,1,5,No,Not Promoted,No
34,Aditya Shetty,Male,Sales,Executive,Masters,12,126169,3,4,1,Yes,Promoted,Yes
35,Aanya Sharma,Female,Sales,Developer,Bachelors,13,98335,1,4,4,No,Promoted,No
36,Aanya Kulkarni,Male,IT,Associate,Masters,9,82272,5,3,5,Yes,Promoted,Yes
37,Ishaan Das,Male,IT,Analyst,Bachelors,13,115835,1,1,5,No,Promoted,Yes
38,Riya Bansal,Female,Sales,Consultant,MBA,6,174660,5,5,5,Yes,Not Promoted,Yes
39,Diya Sharma,Male,HR,Associate,PhD,8,159015,4,2,1,Yes,Promoted,Yes
40,Krishna Patel,Male,HR,Associate,Bachelors,11,116108,4,5,3,No,Promoted,Yes
41,Aanya Kulkarni,Male,Marketing,Associate,Bachelors,12,149374,3,5,4,No,Not Promoted,No
42,Ishaan Choudhary,Female,Operations,Executive,Bachelors,13,37965,4,2,2,No,Not Promoted,No
43,Ananya Reddy,Female,Operations,Executive,MBA,1,33978,2,5,5,No,Promoted,No
44,Arjun Kapoor,Female,Operations,Executive,MBA,17,106754,3,1,3,No,Promoted,Yes
45,Vivaan Choudhary,Male,Marketing,Analyst,MBA,15,94278,1,4,1,Yes,Promoted,No
46,Arjun Yadav,Female,Operations,Associate,Bachelors,1,56824,5,3,2,Yes,Not Promoted,No
47,Vivaan Mehta,Male,IT,Analyst,Bachelors,12,112296,4,2,1,No,Not Promoted,No
48,Reyansh Khan,Female,HR,Manager,MBA,8,86234,5,2,5,No,Not Promoted,No
49,Aadhya Khan,Male,IT,Developer,Masters,15,60917,3,5,5,No,Promoted,Yes
50,Sara Patel,Female,Marketing,Manager,Bachelors,15,30779,2,4,4,Yes,Promoted,Yes
51,Ira Patel,Female,HR,Consultant,MBA,16,62036,4,3,4,Yes,Not Promoted,Yes
52,Ananya Iyer,Male,Operations,Manager,PhD,4,121266,1,3,4,No,Not Promoted,No
53,Aadhya Kulkarni,Female,Operations,Associate,MBA,3,47163,4,1,4,No,Promoted,No
54,Ananya Nair,Male,Finance,Consultant,Masters,2,92811,3,5,1,No,Promoted,Yes
55,Vihaan Malhotra,Male,HR,Developer,Bachelors,7,169977,5,1,1,No,Not Promoted,Yes
56,Diya Agarwal,Female,Finance,Consultant,PhD,12,107388,1,2,4,No,Not Promoted,Yes
57,Sara Sharma,Male,Operations,Associate,PhD,20,149488,4,5,4,Yes,Promoted,Yes
58,Ishaan Iyer,Male,Marketing,Associate,MBA,15,67593,3,4,2,Yes,Not Promoted,Yes
59,Aarav Gupta,Female,HR,Consultant,Bachelors,8,39614,4,5,3,No,Promoted,Yes
60,Ira Das,Female,Finance,Associate,Masters,11,70180,3,2,4,Yes,Promoted,Yes
61,Shaurya Gupta,Male,IT,Analyst,PhD,20,150209,2,3,4,Yes,Not Promoted,Yes
62,Diya Singh,Female,HR,Analyst,Bachelors,4,163631,4,3,2,Yes,Promoted,Yes
63,Reyansh Patel,Male,HR,Associate,MBA,13,77783,1,5,3,No,Not Promoted,Yes
64,Sara Khan,Male,HR,Associate,Bachelors,20,30455,2,3,4,Yes,Promoted,Yes
65,Myra Shetty,Female,Finance,Manager,Masters,7,168385,5,3,3,No,Not Promoted,Yes
66,Reyansh Kapoor,Male,Marketing,Manager,MBA,20,158828,5,2,5,No,Promoted,Yes
67,Ishaan Kapoor,Female,Marketing,Manager,PhD,3,93036,5,4,4,Yes,Promoted,No
68,Aadhya Choudhary,Female,Marketing,Associate,Bachelors,17,106169,3,1,3,No,Not Promoted,Yes
69,Aarav Das,Male,HR,Consultant,Bachelors,2,90693,2,4,3,Yes,Promoted,No
70,Aarav Patel,Male,Finance,Manager,Masters,4,38914,4,3,4,No,Promoted,No
71,Vivaan Choudhary,Female,HR,Executive,Bachelors,18,80035,5,4,1,No,Promoted,Yes
72,Ananya Shetty,Male,Operations,Associate,PhD,5,158260,2,2,3,No,Promoted,Yes
73,Pooja Shetty,Male,Sales,Analyst,PhD,5,85166,4,1,4,No,Not Promoted,Yes
74,Sai Iyer,Female,Marketing,Executive,PhD,6,60088,3,3,3,No,Not Promoted,No
75,Reyansh Bansal,Female,Finance,Developer,Masters,16,118501,4,5,5,Yes,Not Promoted,No
76,Pooja Patel,Male,HR,Analyst,Bachelors,2,75627,5,3,5,No,Promoted,Yes
77,Aadhya Bansal,Female,Operations,Consultant,Bachelors,20,172363,3,2,3,Yes,Promoted,Yes
78,Aditya Das,Male,Marketing,Consultant,MBA,15,26422,3,3,5,No,Not Promoted,No
79,Aanya Nair,Male,Finance,Manager,PhD,20,138755,1,5,1,Yes,Not Promoted,No
80,Aanya Bansal,Male,HR,Developer,PhD,8,165834,5,4,4,Yes,Not Promoted,Yes
81,Sai Khan,Male,HR,Developer,MBA,2,152891,1,3,4,No,Not Promoted,Yes
82,Aanya Yadav,Female,Finance,Manager,Bachelors,12,170083,3,5,1,Yes,Not Promoted,Yes
83,Ira Malhotra,Female,Marketing,Executive,MBA,7,131282,2,5,3,Yes,Promoted,Yes
84,Ira Gupta,Male,HR,Analyst,PhD,15,69817,3,2,4,No,Not Promoted,Yes
85,Pooja Agarwal,Female,Finance,Associate,MBA,19,27373,4,4,1,Yes,Not Promoted,Yes
86,Reyansh Patel,Female,Operations,Executive,PhD,16,38485,3,2,4,No,Not Promoted,Yes
87,Shaurya Malhotra,Female,Operations,Consultant,Bachelors,2,161686,4,1,2,No,Not Promoted,Yes
88,Aarav Reddy,Male,HR,Manager,MBA,3,69785,1,5,1,No,Not Promoted,No
89,Ira Iyer,Female,Marketing,Developer,MBA,6,63028,1,5,2,No,Promoted,No
90,Krishna Nair,Female,Marketing,Analyst,MBA,20,35799,4,2,3,No,Promoted,No
91,Sai Patel,Female,HR,Consultant,Masters,15,115631,2,4,2,Yes,Not Promoted,Yes
92,Myra Choudhary,Female,Sales,Manager,MBA,7,163554,5,2,3,No,Not Promoted,Yes
93,Krishna Iyer,Female,HR,Executive,MBA,2,153608,4,4,5,No,Not Promoted,Yes
94,Myra Bansal,Male,Marketing,Executive,Masters,6,58460,4,1,2,Yes,Promoted,No
95,Aanya Reddy,Female,Finance,Associate,PhD,14,54053,5,1,4,No,Not Promoted,No
96,Aditya Bansal,Female,HR,Associate,MBA,15,107392,2,4,2,Yes,Not Promoted,Yes
97,Aditya Nair,Female,HR,Manager,MBA,17,103453,4,3,4,Yes,Not Promoted,No
98,Sara Khan,Male,Operations,Manager,Bachelors,19,107242,5,2,3,No,Not Promoted,Yes
99,Aadhya Iyer,Female,Finance,Associate,MBA,7,81619,3,1,3,Yes,Promoted,No
100,Ananya Mehta,Male,IT,Executive,Bachelors,1,94393,5,3,5,Yes,Promoted,No
101,Ishaan Iyer,Male,HR,Consultant,Masters,10,31462,5,5,5,No,Promoted,No
102,Diya Khan,Male,Marketing,Analyst,Masters,12,87335,5,1,5,No,Promoted,Yes
103,Arjun Gupta,Female,IT,Manager,MBA,18,40152,1,4,3,Yes,Not Promoted,Yes
104,Krishna Gupta,Male,HR,Manager,Masters,9,127898,1,4,1,No,Not Promoted,No
105,Sai Yadav,Female,IT,Manager,PhD,16,178410,5,1,3,Yes,Not Promoted,Yes
106,Anika Sharma,Male,HR,Associate,PhD,17,173863,2,2,3,Yes,Promoted,No
107,Aadhya Singh,Female,Finance,Developer,PhD,9,60509,4,4,3,Yes,Promoted,Yes
108,Arjun Kulkarni,Female,HR,Associate,PhD,4,178846,2,5,2,Yes,Not Promoted,No
109,Riya Kulkarni,Male,Marketing,Analyst,MBA,1,105824,4,4,3,Yes,Not Promoted,No
110,Vivaan Malhotra,Female,Operations,Developer,PhD,15,122889,2,4,1,No,Promoted,No
111,Aadhya Singh,Male,IT,Manager,MBA,14,29800,2,4,1,Yes,Not Promoted,Yes
112,Diya Kapoor,Female,Sales,Consultant,PhD,2,53451,3,1,1,Yes,Not Promoted,No
113,Aadhya Khan,Male,HR,Developer,MBA,2,41625,1,3,4,No,Promoted,No
114,Diya Das,Female,Finance,Analyst,Bachelors,3,69117,3,4,1,No,Not Promoted,Yes
115,Aditya Bansal,Female,Operations,Analyst,PhD,7,73643,2,1,4,No,Promoted,No
116,Aarav Joshi,Male,Finance,Consultant,PhD,18,35978,2,1,2,Yes,Not Promoted,No
117,Aditya Reddy,Female,Sales,Associate,Masters,1,63802,5,5,2,No,Promoted,No
118,Ira Kulkarni,Female,Operations,Developer,Masters,11,98081,4,1,2,Yes,Not Promoted,No
119,Aanya Sharma,Male,Sales,Analyst,MBA,13,165527,5,5,4,Yes,Promoted,No
120,Aditya Kulkarni,Male,Marketing,Manager,Masters,6,52663,4,4,4,Yes,Promoted,Yes
121,Ananya Verma,Female,Operations,Analyst,MBA,5,61664,2,2,2,Yes,Not Promoted,No
122,Riya Choudhary,Female,IT,Executive,PhD,5,120788,2,2,1,No,Not Promoted,Yes
123,Aadhya Reddy,Female,Sales,Associate,MBA,4,159777,3,3,4,No,Promoted,No
124,Ira Singh,Male,HR,Analyst,PhD,18,101258,3,4,1,No,Not Promoted,Yes
125,Vivaan Agarwal,Male,HR,Manager,Bachelors,12,169152,2,1,1,No,Promoted,Yes
126,Krishna Nair,Male,Marketing,Associate,MBA,1,62201,2,1,2,Yes,Not Promoted,No
127,Anika Joshi,Female,Operations,Executive,MBA,3,130837,2,5,2,No,Promoted,Yes
128,Aarav Mehta,Male,Finance,Manager,PhD,7,155144,1,5,1,No,Promoted,Yes
129,Ira Shetty,Male,HR,Manager,MBA,19,164234,4,3,3,Yes,Promoted,Yes
130,Aadhya Choudhary,Female,Sales,Analyst,PhD,1,82876,2,1,4,Yes,Not Promoted,No
131,Sara Das,Male,HR,Consultant,PhD,0,25769,1,5,5,Yes,Not Promoted,No
132,Ira Khan,Male,Marketing,Analyst,Bachelors,7,43502,1,4,5,No,Not Promoted,Yes
133,Reyansh Yadav,Female,IT,Consultant,MBA,13,76684,5,2,3,Yes,Promoted,No
134,Vihaan Shetty,Female,Finance,Associate,MBA,7,139343,5,4,4,Yes,Not Promoted,Yes
135,Aditya Iyer,Male,Operations,Manager,PhD,12,37261,5,2,5,Yes,Promoted,Yes
136,Aarav Nair,Female,Marketing,Executive,MBA,13,27598,4,4,2,Yes,Not Promoted,No
137,Riya Das,Female,Operations,Developer,MBA,11,177697,5,1,4,Yes,Promoted,No
138,Ananya Kulkarni,Female,IT,Analyst,Masters,7,175790,3,2,1,No,Not Promoted,No
139,Arjun Bansal,Female,Operations,Executive,Bachelors,17,113304,4,1,1,Yes,Not Promoted,Yes
140,Riya Singh,Female,Sales,Analyst,Masters,18,41678,5,1,4,No,Not Promoted,No
141,Diya Shetty,Female,Marketing,Associate,Masters,19,113661,3,5,3,Yes,Not Promoted,No
142,Riya Bansal,Male,HR,Consultant,Bachelors,10,110057,4,1,5,Yes,Not Promoted,Yes
143,Diya Yadav,Female,Finance,Consultant,PhD,19,47385,2,4,1,Yes,Not Promoted,Yes
144,Aarav Shetty,Male,Operations,Associate,MBA,20,108768,4,3,2,No,Not Promoted,No
145,Diya Verma,Female,Operations,Associate,Masters,2,172386,3,2,3,No,Not Promoted,Yes
146,Ira Mehta,Male,Marketing,Developer,MBA,12,27528,1,4,1,Yes,Promoted,No
147,Shaurya Khan,Female,Operations,Consultant,PhD,0,35438,5,1,3,Yes,Promoted,No
148,Aanya Agarwal,Male,Finance,Developer,PhD,2,35352,1,4,2,No,Promoted,No
149,Krishna Agarwal,Male,IT,Manager,PhD,5,150587,1,2,1,Yes,Not Promoted,Yes
150,Sai Kapoor,Male,Operations,Consultant,PhD,3,115342,5,3,2,No,Promoted,Yes
151,Arjun Reddy,Female,HR,Developer,Masters,3,162456,5,3,5,Yes,Promoted,Yes
152,Shaurya Shetty,Female,Operations,Developer,Bachelors,2,45606,4,4,3,Yes,Promoted,Yes
153,Aanya Shetty,Male,Marketing,Executive,Masters,1,158109,1,3,4,No,Promoted,Yes
154,Reyansh Nair,Female,Sales,Associate,Masters,13,113863,1,1,1,Yes,Promoted,Yes
155,Vihaan Kulkarni,Male,Operations,Developer,PhD,11,152784,3,4,2,No,Promoted,No
156,Aadhya Choudhary,Female,IT,Manager,Bachelors,15,135121,4,3,3,Yes,Promoted,No
157,Aditya Bansal,Male,Operations,Developer,MBA,11,161139,3,3,1,Yes,Not Promoted,No
158,Ira Patel,Male,Marketing,Associate,PhD,11,74136,4,5,1,Yes,Promoted,Yes
159,Reyansh Iyer,Male,Finance,Analyst,MBA,0,79895,5,2,5,Yes,Not Promoted,No
160,Myra Gupta,Male,Finance,Executive,Masters,9,63067,1,3,4,Yes,Not Promoted,No
161,Pooja Choudhary,Male,Operations,Consultant,MBA,13,114813,3,5,3,Yes,Not Promoted,No
162,Aanya Singh,Female,Operations,Consultant,MBA,1,101710,1,4,4,Yes,Promoted,No
163,Vivaan Agarwal,Male,HR,Analyst,MBA,17,178832,4,1,5,Yes,Promoted,Yes
164,Sara Reddy,Female,Finance,Developer,MBA,10,53357,3,1,3,Yes,Not Promoted,No
165,Reyansh Iyer,Female,Finance,Developer,Masters,1,96324,3,3,1,No,Promoted,Yes
166,Aditya Kapoor,Female,Sales,Associate,MBA,2,151702,2,3,3,Yes,Not Promoted,No
167,Vihaan Verma,Female,IT,Developer,Bachelors,15,95280,3,1,2,Yes,Promoted,No
168,Vihaan Choudhary,Female,IT,Consultant,MBA,2,130346,3,5,4,Yes,Promoted,No
169,Ira Das,Male,Sales,Analyst,Bachelors,14,168123,2,3,2,No,Not Promoted,No
170,Aanya Singh,Male,Operations,Analyst,Masters,20,119798,3,3,4,Yes,Not Promoted,Yes
171,Myra Nair,Male,Operations,Developer,Masters,14,156995,5,1,1,No,Promoted,No
172,Ananya Malhotra,Male,Sales,Analyst,PhD,20,91809,5,3,3,No,Promoted,Yes
173,Riya Joshi,Female,Operations,Associate,Bachelors,9,79108,4,5,5,No,Promoted,Yes
174,Pooja Choudhary,Male,Operations,Developer,MBA,9,36252,3,5,2,Yes,Not Promoted,Yes
175,Ishaan Bansal,Male,Operations,Executive,PhD,1,103450,4,4,2,No,Not Promoted,No
176,Arjun Singh,Male,Operations,Analyst,MBA,3,116070,2,3,3,Yes,Not Promoted,No
177,Pooja Reddy,Male,IT,Developer,Masters,17,110258,2,5,2,No,Promoted,Yes
178,Sara Gupta,Female,Operations,Executive,Bachelors,15,158802,5,3,3,No,Not Promoted,No
179,Vihaan Kulkarni,Female,Sales,Developer,PhD,17,95260,1,3,4,No,Not Promoted,Yes
180,Ishaan Yadav,Male,HR,Consultant,PhD,20,103702,2,4,2,No,Promoted,No
181,Aditya Choudhary,Male,Sales,Executive,PhD,12,179688,2,5,4,Yes,Promoted,No
182,Sai Sharma,Male,IT,Executive,MBA,14,127132,1,4,4,No,Promoted,No
183,Arjun Singh,Male,Operations,Executive,Bachelors,11,136011,5,2,4,Yes,Promoted,Yes
184,Diya Bansal,Female,Sales,Manager,PhD,15,137575,2,3,2,No,Not Promoted,Yes
185,Aditya Gupta,Female,HR,Analyst,Masters,4,94798,5,3,4,Yes,Not Promoted,No
186,Ira Mehta,Male,Operations,Executive,Masters,11,50416,5,2,5,Yes,Promoted,Yes
187,Aarav Nair,Female,IT,Associate,MBA,11,144096,4,2,5,No,Promoted,Yes
188,Ishaan Das,Male,Finance,Associate,MBA,7,40202,1,2,4,Yes,Not Promoted,Yes
189,Riya Verma,Female,Finance,Manager,Masters,15,97148,3,4,4,Yes,Not Promoted,No
190,Diya Yadav,Female,Operations,Analyst,Masters,11,116926,2,5,5,Yes,Not Promoted,No
191,Diya Verma,Male,Finance,Analyst,Masters,1,162904,3,4,4,Yes,Promoted,No
192,Reyansh Khan,Female,IT,Manager,PhD,15,76883,1,2,5,No,Promoted,No
193,Aadhya Kapoor,Female,Operations,Executive,Bachelors,3,168473,2,3,3,Yes,Promoted,Yes
194,Sara Patel,Male,Finance,Manager,Bachelors,8,32307,3,2,5,No,Not Promoted,No
195,Vivaan Verma,Male,Sales,Analyst,PhD,9,114683,5,1,5,Yes,Promoted,No
196,Pooja Yadav,Male,IT,Executive,MBA,9,55076,3,5,2,Yes,Promoted,No
197,Ishaan Yadav,Female,Sales,Executive,MBA,16,112766,3,2,5,Yes,Promoted,No
198,Sara Khan,Male,Operations,Consultant,Bachelors,8,50996,5,5,3,No,Not Promoted,No
199,Aanya Sharma,Male,Sales,Manager,PhD,10,178265,4,2,1,No,Not Promoted,No
200,Sara Gupta,Male,Operations,Consultant,MBA,6,62356,4,1,4,Yes,Promoted,No
201,Aanya Gupta,Male,IT,Consultant,Bachelors,16,85094,2,5,4,No,Not Promoted,No
202,Vivaan Patel,Female,IT,Developer,MBA,19,96229,2,3,3,Yes,Promoted,No
203,Aanya Kulkarni,Male,Marketing,Manager,PhD,4,32113,3,5,1,Yes,Promoted,Yes
204,Myra Iyer,Female,Finance,Analyst,MBA,19,76674,4,1,5,No,Not Promoted,No
205,Diya Kulkarni,Female,HR,Executive,Masters,16,97146,2,3,1,Yes,Not Promoted,No
206,Sara Gupta,Female,Marketing,Consultant,PhD,17,132023,3,2,5,No,Promoted,Yes
207,Aadhya Sharma,Male,Operations,Associate,MBA,10,39146,3,1,4,Yes,Not Promoted,Yes
208,Aanya Shetty,Male,Marketing,Developer,PhD,17,109381,3,2,3,No,Not Promoted,Yes
209,Ishaan Mehta,Female,Operations,Consultant,Masters,0,132940,1,3,4,Yes,Not Promoted,Yes
210,Sara Sharma,Male,Operations,Associate,Masters,9,42580,5,3,3,Yes,Not Promoted,No
211,Aadhya Agarwal,Female,HR,Analyst,Masters,8,122857,2,1,2,No,Not Promoted,No
212,Shaurya Singh,Male,Operations,Developer,Bachelors,19,121888,4,3,2,Yes,Not Promoted,No
213,Vihaan Kapoor,Female,Operations,Manager,MBA,20,124833,4,5,3,Yes,Not Promoted,No
214,Sai Bansal,Female,Operations,Executive,MBA,18,151062,1,3,1,No,Promoted,Yes
215,Vivaan Nair,Male,Marketing,Developer,Bachelors,8,83282,1,4,1,Yes,Not Promoted,No
216,Riya Gupta,Male,Operations,Consultant,Bachelors,3,88738,2,1,2,No,Not Promoted,No
217,Ananya Singh,Female,Finance,Analyst,Masters,7,89087,4,4,3,Yes,Not Promoted,Yes
218,Pooja Kulkarni,Male,Sales,Developer,Masters,18,54128,5,4,4,No,Promoted,Yes
219,Aarav Malhotra,Male,Finance,Consultant,Masters,0,30440,3,2,3,No,Not Promoted,No
220,Ananya Yadav,Female,Sales,Associate,MBA,19,120663,3,2,4,Yes,Promoted,Yes
221,Krishna Nair,Male,HR,Associate,MBA,15,105221,4,5,2,No,Promoted,No
222,Krishna Singh,Female,IT,Analyst,PhD,19,72376,3,1,4,Yes,Not Promoted,Yes
223,Vihaan Bansal,Female,Finance,Consultant,PhD,1,98400,2,3,2,Yes,Not Promoted,No
224,Ishaan Kapoor,Male,Operations,Associate,PhD,18,58610,2,4,5,Yes,Promoted,Yes
225,Aditya Mehta,Female,HR,Consultant,Masters,12,113187,5,2,3,Yes,Promoted,No
226,Diya Khan,Male,Operations,Associate,MBA,3,133259,2,2,5,Yes,Promoted,No
227,Vihaan Shetty,Female,Finance,Associate,PhD,20,30253,4,1,5,No,Not Promoted,Yes
228,Ira Reddy,Male,IT,Executive,MBA,16,56232,1,4,1,Yes,Promoted,Yes
229,Shaurya Malhotra,Female,Sales,Manager,PhD,19,60683,3,3,1,Yes,Promoted,No
230,Sara Verma,Female,Finance,Analyst,Masters,19,113481,2,4,4,Yes,Not Promoted,Yes
231,Aditya Kulkarni,Female,Marketing,Executive,Masters,15,40180,1,4,5,Yes,Promoted,Yes
232,Riya Patel,Female,Marketing,Executive,Bachelors,19,84238,5,1,4,No,Promoted,Yes
233,Ira Das,Female,Finance,Analyst,Masters,17,104991,3,2,3,No,Promoted,Yes
234,Aadhya Kulkarni,Female,IT,Manager,PhD,9,157839,4,4,3,Yes,Promoted,No
235,Ira Iyer,Female,Sales,Analyst,Bachelors,6,154043,4,5,2,No,Not Promoted,Yes
236,Vihaan Agarwal,Male,Marketing,Analyst,PhD,15,168424,3,4,1,No,Promoted,No
237,Anika Choudhary,Female,HR,Executive,Bachelors,2,106494,4,3,4,Yes,Not Promoted,No
238,Diya Gupta,Male,HR,Executive,MBA,0,74734,2,3,2,No,Not Promoted,Yes
239,Aditya Kapoor,Female,HR,Associate,Masters,13,45857,3,1,5,Yes,Promoted,Yes
240,Pooja Agarwal,Female,Finance,Consultant,Masters,3,69521,3,2,4,Yes,Not Promoted,No
241,Pooja Mehta,Female,Operations,Executive,MBA,17,65923,3,1,1,No,Not Promoted,No
242,Ishaan Sharma,Female,IT,Associate,PhD,16,97215,2,3,1,No,Promoted,Yes
243,Arjun Agarwal,Male,IT,Consultant,MBA,17,135541,4,5,1,Yes,Not Promoted,No
244,Reyansh Malhotra,Male,Finance,Analyst,Bachelors,6,93748,3,5,5,No,Not Promoted,No
245,Sara Choudhary,Female,IT,Executive,PhD,14,94960,5,1,2,No,Promoted,No
246,Diya Iyer,Male,Sales,Associate,Bachelors,19,114733,1,1,5,No,Promoted,Yes
247,Sara Kulkarni,Male,IT,Executive,Masters,6,123312,2,2,1,No,Not Promoted,No
248,Aanya Das,Male,IT,Consultant,MBA,3,80247,5,5,5,Yes,Not Promoted,No
249,Reyansh Singh,Female,Operations,Associate,MBA,4,67323,1,4,2,Yes,Not Promoted,No
250,Vihaan Mehta,Female,Finance,Developer,PhD,11,106731,4,4,3,No,Promoted,Yes
251,Shaurya Reddy,Male,Operations,Executive,Masters,6,66439,3,4,2,No,Promoted,Yes
252,Aarav Kulkarni,Female,Operations,Associate,Bachelors,15,45779,1,4,5,No,Promoted,Yes
253,Ishaan Bansal,Female,Marketing,Executive,MBA,13,80609,5,1,4,No,Promoted,No
254,Krishna Bansal,Female,IT,Manager,Bachelors,2,126961,5,5,4,No,Promoted,Yes
255,Diya Khan,Female,Operations,Consultant,Masters,11,27903,5,2,4,Yes,Promoted,No
256,Krishna Verma,Female,Finance,Executive,PhD,14,159515,5,5,2,Yes,Not Promoted,Yes
257,Reyansh Bansal,Female,Marketing,Executive,Masters,13,83061,5,4,2,Yes,Promoted,No
258,Ira Nair,Female,IT,Developer,Bachelors,14,30102,3,3,1,No,Promoted,Yes
259,Shaurya Sharma,Male,Finance,Associate,MBA,6,114598,4,4,2,No,Promoted,No
260,Riya Bansal,Female,Sales,Executive,MBA,2,73530,2,3,1,Yes,Not Promoted,No
261,Ishaan Reddy,Female,Operations,Analyst,MBA,4,172812,3,4,3,Yes,Not Promoted,Yes
262,Aditya Choudhary,Male,Sales,Consultant,Masters,3,127344,2,4,5,No,Promoted,No
263,Arjun Agarwal,Female,Finance,Executive,PhD,3,56059,1,2,5,No,Not Promoted,No
264,Ira Bansal,Female,Operations,Executive,PhD,19,97961,5,1,3,Yes,Promoted,No
265,Shaurya Nair,Male,HR,Developer,Masters,6,108983,1,4,1,No,Not Promoted,No
266,Ira Joshi,Male,Operations,Executive,MBA,7,140548,1,3,2,Yes,Promoted,No
267,Aarav Agarwal,Female,IT,Analyst,MBA,4,39375,4,4,3,No,Not Promoted,Yes
268,Aarav Reddy,Female,Finance,Associate,MBA,4,179488,5,3,3,No,Promoted,Yes
269,Diya Khan,Male,Marketing,Associate,Bachelors,6,25150,3,5,4,Yes,Not Promoted,No
270,Myra Agarwal,Female,Operations,Developer,MBA,4,154440,3,4,2,Yes,Promoted,Yes
271,Myra Shetty,Male,HR,Consultant,Masters,20,37123,5,4,4,Yes,Not Promoted,Yes
272,Krishna Khan,Male,IT,Executive,Bachelors,14,64347,5,2,5,Yes,Not Promoted,No
273,Aadhya Mehta,Female,Finance,Analyst,Bachelors,7,71313,1,3,2,No,Promoted,No
274,Pooja Bansal,Female,Operations,Associate,Bachelors,15,35486,3,1,3,No,Not Promoted,No
275,Anika Verma,Female,IT,Associate,MBA,15,92612,5,5,5,Yes,Promoted,Yes
276,Aanya Sharma,Male,Finance,Manager,MBA,0,30189,3,3,1,No,Not Promoted,No
277,Myra Bansal,Male,Sales,Developer,Masters,19,157802,5,3,4,Yes,Not Promoted,Yes
278,Vihaan Patel,Female,HR,Manager,PhD,12,86438,4,4,1,No,Not Promoted,No
279,Myra Malhotra,Male,IT,Manager,PhD,19,155444,3,2,2,No,Not Promoted,No
280,Sara Malhotra,Female,IT,Analyst,PhD,20,147556,4,2,3,No,Not Promoted,No
281,Aanya Shetty,Female,IT,Executive,PhD,14,44835,3,5,1,No,Promoted,Yes
282,Riya Reddy,Female,HR,Manager,Masters,18,172115,1,4,2,No,Promoted,Yes
283,Ira Malhotra,Male,Marketing,Developer,PhD,4,151907,5,5,2,Yes,Not Promoted,Yes
284,Myra Bansal,Female,Finance,Analyst,MBA,8,162668,4,5,2,Yes,Promoted,Yes
285,Diya Malhotra,Male,Operations,Associate,Bachelors,19,133171,3,3,2,Yes,Promoted,No
286,Myra Joshi,Female,Marketing,Executive,MBA,11,103946,4,3,1,No,Not Promoted,Yes
287,Aadhya Kulkarni,Female,Operations,Consultant,MBA,5,166564,3,2,3,Yes,Promoted,Yes
288,Diya Iyer,Male,Finance,Executive,MBA,6,148588,4,5,3,Yes,Not Promoted,No
289,Krishna Patel,Male,Finance,Analyst,Bachelors,5,109513,3,5,3,Yes,Promoted,Yes
290,Vihaan Reddy,Male,Marketing,Associate,Masters,20,101928,5,3,3,No,Not Promoted,Yes
291,Aadhya Verma,Female,HR,Manager,PhD,8,86660,3,3,5,Yes,Promoted,No
292,Pooja Verma,Male,Sales,Executive,PhD,16,175708,4,3,2,Yes,Not Promoted,Yes
293,Aadhya Reddy,Female,HR,Manager,PhD,16,89673,1,3,3,No,Not Promoted,Yes
294,Diya Singh,Female,Finance,Manager,MBA,10,92218,5,1,4,No,Not Promoted,Yes
295,Anika Patel,Male,Marketing,Developer,PhD,11,153247,3,4,5,No,Promoted,No
296,Pooja Malhotra,Female,Sales,Analyst,MBA,8,27141,3,5,3,Yes,Not Promoted,No
297,Aadhya Kapoor,Female,Marketing,Analyst,MBA,13,108192,3,2,3,Yes,Promoted,Yes
298,Aditya Yadav,Female,Marketing,Executive,Masters,5,140262,4,2,5,No,Not Promoted,No
299,Sai Khan,Female,Finance,Consultant,Masters,19,38131,1,5,3,Yes,Not Promoted,No
300,Aanya Malhotra,Male,IT,Analyst,MBA,11,156942,1,5,5,Yes,Promoted,Yes
301,Vivaan Mehta,Female,Operations,Consultant,PhD,10,142052,3,5,2,Yes,Promoted,No
302,Aarav Verma,Male,HR,Analyst,Bachelors,13,134914,2,1,3,No,Promoted,Yes
303,Riya Yadav,Female,Operations,Executive,PhD,8,144747,5,5,3,No,Promoted,Yes
304,Aarav Bansal,Male,Marketing,Associate,Masters,2,161997,3,5,4,No,Not Promoted,Yes
305,Aadhya Nair,Male,HR,Executive,Bachelors,0,76363,3,4,5,Yes,Not Promoted,No
306,Vihaan Singh,Male,HR,Analyst,MBA,18,96589,2,5,4,Yes,Not Promoted,No
307,Anika Malhotra,Male,Marketing,Consultant,Bachelors,14,171761,1,5,4,Yes,Not Promoted,No
308,Ananya Singh,Female,Finance,Analyst,PhD,14,45586,5,4,4,No,Promoted,No
309,Diya Agarwal,Female,Marketing,Consultant,MBA,12,51117,3,5,4,No,Not Promoted,No
310,Anika Patel,Female,HR,Executive,Bachelors,18,159682,3,1,1,Yes,Not Promoted,Yes
311,Sara Sharma,Female,Sales,Consultant,PhD,18,128002,2,4,4,No,Promoted,Yes
312,Ishaan Choudhary,Male,Marketing,Analyst,MBA,8,164584,3,2,5,Yes,Promoted,Yes
313,Anika Joshi,Female,IT,Consultant,Masters,1,116579,1,3,1,No,Not Promoted,No
314,Pooja Sharma,Female,Sales,Manager,MBA,1,55819,3,4,1,No,Not Promoted,Yes
315,Aditya Nair,Female,IT,Consultant,PhD,17,119666,4,4,4,Yes,Promoted,No
316,Sara Bansal,Female,Finance,Executive,Bachelors,3,117783,5,4,4,No,Promoted,No
317,Vivaan Yadav,Male,HR,Associate,MBA,4,62944,4,5,2,No,Not Promoted,No
318,Diya Nair,Male,HR,Associate,Bachelors,8,60628,4,1,2,Yes,Promoted,No
319,Krishna Mehta,Female,Marketing,Manager,Bachelors,12,99337,1,5,1,Yes,Not Promoted,No
320,Vivaan Iyer,Female,HR,Analyst,Bachelors,6,55325,4,2,1,No,Not Promoted,No
321,Aanya Sharma,Female,Finance,Developer,MBA,8,130082,4,2,2,No,Promoted,Yes
322,Sara Verma,Female,Operations,Developer,MBA,9,85053,1,5,3,No,Promoted,No
323,Ira Nair,Male,HR,Analyst,Masters,9,143664,2,3,1,No,Not Promoted,No
324,Vivaan Mehta,Male,Sales,Executive,Bachelors,20,91492,1,5,2,Yes,Not Promoted,No
325,Sai Gupta,Female,Marketing,Associate,Bachelors,15,150410,2,5,1,Yes,Promoted,No
326,Vihaan Choudhary,Male,Operations,Consultant,PhD,10,165208,4,1,3,Yes,Promoted,Yes
327,Ananya Kapoor,Female,Marketing,Associate,PhD,13,120310,5,4,3,Yes,Not Promoted,No
328,Aditya Malhotra,Male,Operations,Consultant,Masters,9,118991,2,1,5,Yes,Promoted,No
329,Sara Singh,Female,IT,Developer,Masters,7,82288,5,5,2,Yes,Not Promoted,Yes
330,Aarav Joshi,Male,Finance,Analyst,Bachelors,10,142602,5,1,3,Yes,Not Promoted,No
331,Vihaan Bansal,Male,HR,Executive,PhD,2,123318,3,5,4,Yes,Not Promoted,No
332,Krishna Singh,Male,Finance,Analyst,Masters,7,117376,5,1,5,No,Not Promoted,Yes
333,Ishaan Bansal,Male,Finance,Developer,Bachelors,9,89586,3,1,3,No,Promoted,No
334,Arjun Choudhary,Female,Operations,Associate,PhD,19,111915,1,2,2,Yes,Promoted,Yes
335,Ishaan Agarwal,Male,IT,Consultant,MBA,19,65774,1,2,1,No,Not Promoted,Yes
336,Arjun Khan,Female,IT,Manager,MBA,13,39218,5,2,4,Yes,Not Promoted,No
337,Arjun Nair,Male,Operations,Developer,Bachelors,19,170357,1,1,1,No,Promoted,Yes
338,Vivaan Singh,Female,Operations,Executive,Masters,10,28533,3,1,5,Yes,Not Promoted,Yes
339,Shaurya Nair,Male,IT,Executive,PhD,3,172164,3,5,1,Yes,Promoted,No
340,Aditya Yadav,Female,IT,Analyst,Masters,2,124112,2,3,2,No,Promoted,Yes
341,Reyansh Gupta,Male,Finance,Developer,Masters,16,39583,4,5,4,No,Promoted,Yes
342,Shaurya Nair,Female,IT,Consultant,MBA,7,98221,5,5,1,Yes,Promoted,Yes
343,Krishna Yadav,Male,IT,Executive,Bachelors,3,157184,2,4,5,Yes,Not Promoted,No
344,Aditya Verma,Female,IT,Analyst,MBA,12,114454,4,5,1,Yes,Promoted,Yes
345,Vivaan Das,Female,IT,Associate,MBA,16,132730,1,1,2,No,Promoted,Yes
346,Ananya Das,Female,IT,Consultant,MBA,18,148291,1,3,2,Yes,Not Promoted,Yes
347,Ishaan Joshi,Female,Operations,Executive,MBA,14,130337,3,5,2,No,Promoted,No
348,Aanya Singh,Male,Operations,Manager,Bachelors,0,97581,2,2,1,Yes,Promoted,Yes
349,Riya Agarwal,Male,Sales,Consultant,Bachelors,14,98062,3,5,2,No,Promoted,Yes
350,Riya Bansal,Male,HR,Manager,PhD,8,34109,5,1,2,Yes,Not Promoted,No
351,Arjun Khan,Female,IT,Associate,Masters,18,71486,4,2,3,Yes,Promoted,No
352,Aanya Khan,Female,HR,Executive,Bachelors,4,26179,3,1,3,No,Not Promoted,No
353,Arjun Joshi,Female,Marketing,Executive,MBA,17,121352,3,4,3,Yes,Promoted,No
354,Aditya Bansal,Female,Operations,Executive,PhD,8,40986,4,1,4,Yes,Promoted,No
355,Shaurya Reddy,Male,HR,Consultant,Masters,5,65341,5,1,4,Yes,Not Promoted,No
356,Vihaan Joshi,Male,HR,Associate,PhD,10,147545,1,3,2,Yes,Promoted,No
357,Aanya Nair,Male,IT,Developer,Bachelors,19,102345,2,5,1,No,Not Promoted,No
358,Aadhya Iyer,Female,Finance,Developer,MBA,6,110202,3,4,4,No,Not Promoted,Yes
359,Pooja Khan,Male,IT,Analyst,MBA,4,71277,3,2,1,No,Not Promoted,No
360,Arjun Choudhary,Female,HR,Developer,PhD,1,127684,3,1,3,Yes,Promoted,No
361,Riya Shetty,Male,Finance,Executive,MBA,12,129546,1,4,3,Yes,Not Promoted,Yes
362,Aditya Malhotra,Female,Sales,Manager,Masters,11,124731,2,5,3,No,Promoted,No
363,Pooja Reddy,Female,Finance,Consultant,PhD,14,50807,4,4,5,No,Promoted,No
364,Vivaan Das,Male,Marketing,Manager,Masters,9,173555,1,5,2,No,Promoted,No
365,Ishaan Iyer,Male,Operations,Executive,Masters,9,31902,2,1,2,No,Not Promoted,Yes
366,Shaurya Bansal,Female,HR,Manager,Masters,16,169329,1,2,1,No,Not Promoted,No
367,Vihaan Khan,Male,Marketing,Analyst,Bachelors,4,69846,1,3,3,Yes,Not Promoted,Yes
368,Shaurya Khan,Female,IT,Developer,Bachelors,15,44678,4,3,5,No,Promoted,Yes
369,Arjun Kulkarni,Female,Sales,Analyst,PhD,11,162626,3,4,5,No,Not Promoted,No
370,Diya Iyer,Female,Marketing,Associate,Masters,0,70702,4,4,2,No,Not Promoted,Yes
371,Ananya Nair,Female,HR,Developer,MBA,18,129465,4,3,3,No,Promoted,Yes
372,Sara Iyer,Male,Sales,Executive,PhD,15,44451,1,4,4,Yes,Promoted,No
373,Vihaan Kulkarni,Female,IT,Consultant,Masters,14,146831,5,4,1,Yes,Promoted,No
374,Sara Kulkarni,Male,HR,Executive,PhD,8,126664,1,4,3,Yes,Not Promoted,No
375,Vihaan Malhotra,Female,IT,Manager,Masters,13,96540,3,4,3,No,Promoted,No
376,Krishna Malhotra,Female,Operations,Developer,Masters,13,172225,4,2,5,Yes,Not Promoted,Yes
377,Diya Khan,Female,Marketing,Developer,Masters,15,154995,3,2,2,Yes,Promoted,No
378,Ira Shetty,Male,Finance,Consultant,Masters,5,171163,4,3,5,Yes,Promoted,Yes
379,Anika Khan,Female,Sales,Manager,PhD,3,37182,1,2,5,No,Promoted,Yes
380,Ananya Agarwal,Male,Finance,Associate,Masters,0,141104,4,5,1,Yes,Promoted,No
381,Pooja Mehta,Male,IT,Analyst,Masters,13,87094,5,1,3,Yes,Not Promoted,No
382,Vivaan Gupta,Female,Operations,Manager,Masters,12,100531,1,3,4,No,Promoted,No
383,Riya Kulkarni,Female,Sales,Consultant,PhD,3,56544,1,1,5,No,Not Promoted,No
384,Vivaan Patel,Male,HR,Executive,MBA,6,135152,3,5,4,Yes,Not Promoted,No
385,Reyansh Yadav,Female,Finance,Executive,PhD,15,148686,2,4,4,No,Promoted,Yes
386,Vivaan Yadav,Female,Sales,Associate,PhD,10,173783,2,4,1,Yes,Not Promoted,No
387,Aditya Das,Male,Sales,Manager,Masters,1,143817,1,2,5,No,Not Promoted,Yes
388,Sara Mehta,Female,Operations,Manager,Bachelors,7,102665,5,4,5,Yes,Not Promoted,No
389,Ishaan Mehta,Male,HR,Executive,Bachelors,19,102190,2,1,3,Yes,Promoted,Yes
390,Ananya Das,Male,Sales,Associate,MBA,10,80605,2,2,5,Yes,Promoted,No
391,Shaurya Kulkarni,Male,IT,Analyst,Bachelors,7,40878,1,4,3,No,Not Promoted,Yes
392,Aadhya Sharma,Male,Marketing,Executive,Masters,16,122086,1,5,5,No,Not Promoted,Yes
393,Pooja Yadav,Female,Operations,Manager,Bachelors,10,171666,3,3,3,No,Not Promoted,Yes
394,Aanya Reddy,Male,Finance,Analyst,Masters,5,100345,1,4,4,Yes,Promoted,No
395,Sara Khan,Female,HR,Developer,PhD,13,100365,5,1,2,No,Not Promoted,No
396,Shaurya Agarwal,Female,Sales,Consultant,Masters,12,159894,3,2,3,No,Promoted,Yes
397,Reyansh Yadav,Female,Sales,Analyst,PhD,18,44338,3,3,5,Yes,Promoted,No
398,Anika Kulkarni,Male,Operations,Manager,Bachelors,12,156906,4,5,4,No,Promoted,No
399,Arjun Sharma,Female,IT,Analyst,Masters,11,123896,1,1,2,Yes,Promoted,No
400,Sara Kulkarni,Male,IT,Associate,MBA,17,126549,1,4,4,Yes,Not Promoted,Yes
401,Myra Kulkarni,Male,Operations,Executive,Bachelors,16,51563,2,5,1,No,Promoted,No
402,Aarav Mehta,Male,Sales,Developer,Masters,5,85687,4,2,5,Yes,Promoted,Yes
403,Sara Malhotra,Female,Sales,Consultant,PhD,20,87428,1,4,1,Yes,Not Promoted,Yes
404,Vivaan Nair,Male,Sales,Consultant,Bachelors,16,144513,5,4,1,Yes,Promoted,Yes
405,Myra Agarwal,Female,Marketing,Executive,MBA,10,141130,5,3,5,No,Promoted,No
406,Arjun Reddy,Female,IT,Associate,Masters,14,162041,1,1,4,Yes,Promoted,Yes
407,Pooja Singh,Male,Sales,Associate,Bachelors,17,44713,4,4,3,No,Not Promoted,No
408,Ananya Kapoor,Female,Marketing,Manager,Bachelors,17,160904,5,3,5,Yes,Not Promoted,Yes
409,Arjun Shetty,Female,Operations,Manager,PhD,0,87281,5,4,3,Yes,Promoted,No
410,Aanya Singh,Female,Marketing,Manager,Masters,14,109282,1,2,1,Yes,Promoted,Yes
411,Aditya Kulkarni,Female,Operations,Manager,Bachelors,8,159674,2,2,3,Yes,Not Promoted,Yes
412,Shaurya Bansal,Female,Sales,Analyst,Masters,19,117447,5,1,2,No,Promoted,Yes
413,Sara Yadav,Male,Marketing,Executive,MBA,11,69548,3,1,3,No,Not Promoted,No
414,Arjun Patel,Male,HR,Associate,PhD,14,65421,2,5,2,Yes,Promoted,Yes
415,Ananya Singh,Female,Operations,Executive,Bachelors,15,48584,2,2,1,Yes,Not Promoted,No
416,Reyansh Sharma,Female,Marketing,Consultant,Bachelors,14,143868,3,4,3,No,Promoted,Yes
417,Aditya Nair,Female,Finance,Developer,Bachelors,18,83967,2,5,5,Yes,Not Promoted,Yes
418,Ananya Yadav,Female,IT,Associate,Bachelors,20,160926,4,2,4,Yes,Promoted,No
419,Vihaan Agarwal,Male,Finance,Consultant,MBA,12,142795,5,3,5,Yes,Promoted,Yes
420,Sai Gupta,Male,Operations,Consultant,PhD,3,166619,5,5,1,No,Promoted,Yes
421,Anika Nair,Female,Finance,Analyst,MBA,2,130936,2,5,1,Yes,Promoted,Yes
422,Shaurya Joshi,Male,IT,Associate,Masters,20,25706,4,3,4,Yes,Not Promoted,Yes
423,Arjun Iyer,Female,Marketing,Executive,Masters,14,121143,3,5,5,No,Not Promoted,No
424,Riya Iyer,Male,Marketing,Consultant,Masters,1,83433,3,5,3,No,Promoted,No
425,Myra Agarwal,Female,IT,Consultant,Masters,1,177878,1,2,1,No,Promoted,Yes
426,Vihaan Agarwal,Male,Operations,Executive,PhD,4,173693,5,1,3,Yes,Not Promoted,Yes
427,Aanya Kulkarni,Female,Sales,Manager,Bachelors,15,90395,1,5,4,Yes,Promoted,Yes
428,Ananya Choudhary,Female,Finance,Executive,Bachelors,15,145498,3,3,4,Yes,Promoted,No
429,Vihaan Sharma,Female,Sales,Executive,Masters,12,68407,3,3,5,Yes,Not Promoted,No
430,Reyansh Agarwal,Female,Marketing,Manager,MBA,15,66338,3,1,5,Yes,Not Promoted,Yes
431,Myra Mehta,Female,Finance,Developer,PhD,1,59289,4,1,4,No,Promoted,Yes
432,Shaurya Sharma,Male,IT,Analyst,MBA,4,158608,4,5,5,Yes,Promoted,Yes
433,Reyansh Gupta,Male,Finance,Manager,Bachelors,1,107924,1,4,1,No,Promoted,Yes
434,Arjun Verma,Female,Operations,Manager,Bachelors,17,45753,2,3,1,No,Promoted,No
435,Anika Das,Male,Operations,Consultant,Masters,15,92272,5,4,4,No,Promoted,No
436,Aadhya Choudhary,Female,Finance,Analyst,Masters,9,176593,4,4,4,No,Promoted,No
437,Riya Choudhary,Female,Marketing,Manager,Masters,6,43586,4,1,5,Yes,Not Promoted,Yes
438,Aarav Gupta,Female,Sales,Associate,Bachelors,20,111266,5,4,3,No,Not Promoted,Yes
439,Ishaan Choudhary,Male,IT,Consultant,Bachelors,8,164245,1,3,5,Yes,Promoted,Yes
440,Diya Kulkarni,Female,Operations,Consultant,PhD,0,44318,4,5,3,Yes,Not Promoted,No
441,Ishaan Khan,Male,IT,Analyst,Masters,10,94703,3,2,1,No,Promoted,Yes
442,Diya Yadav,Male,HR,Consultant,MBA,19,126329,2,2,4,No,Promoted,No
443,Vihaan Joshi,Female,Operations,Developer,MBA,7,179809,4,4,4,No,Promoted,Yes
444,Ishaan Nair,Female,Sales,Associate,MBA,0,72362,4,3,2,Yes,Not Promoted,Yes
445,Krishna Patel,Female,Marketing,Consultant,PhD,18,101939,4,5,1,Yes,Promoted,No
446,Aarav Bansal,Female,Sales,Executive,MBA,17,46393,4,2,4,Yes,Promoted,No
447,Krishna Joshi,Female,Sales,Consultant,Masters,6,137225,4,3,4,Yes,Promoted,No
448,Aarav Khan,Male,HR,Manager,Masters,15,51985,2,3,1,No,Promoted,Yes
449,Sara Shetty,Male,Finance,Manager,MBA,9,129434,3,1,2,Yes,Promoted,Yes
450,Reyansh Das,Female,IT,Associate,Bachelors,1,136321,1,5,2,Yes,Promoted,Yes
451,Vivaan Malhotra,Female,Sales,Consultant,Bachelors,10,49977,5,5,3,Yes,Not Promoted,Yes
452,Anika Gupta,Female,HR,Consultant,Masters,4,141495,3,3,2,No,Not Promoted,Yes
453,Aadhya Agarwal,Male,Sales,Developer,Bachelors,17,163504,2,1,3,Yes,Not Promoted,No
454,Sara Singh,Female,Marketing,Developer,Masters,1,87820,5,5,5,Yes,Not Promoted,Yes
455,Riya Agarwal,Male,Finance,Executive,PhD,11,171986,5,2,5,Yes,Promoted,No
456,Aarav Verma,Male,Marketing,Developer,PhD,10,170614,5,2,1,Yes,Promoted,Yes
457,Krishna Agarwal,Female,Finance,Associate,MBA,19,54597,4,4,3,No,Promoted,No
458,Reyansh Iyer,Male,Marketing,Consultant,PhD,12,55450,3,2,4,No,Not Promoted,Yes
459,Aadhya Gupta,Female,Sales,Developer,Masters,17,106065,5,2,1,Yes,Not Promoted,No
460,Anika Joshi,Male,Finance,Consultant,PhD,5,61920,2,1,3,No,Not Promoted,No
461,Riya Agarwal,Male,Finance,Executive,Bachelors,14,118358,2,1,2,No,Promoted,Yes
462,Krishna Iyer,Female,Marketing,Manager,Masters,3,31997,1,2,1,Yes,Not Promoted,No
463,Reyansh Iyer,Female,HR,Developer,PhD,19,127347,1,5,1,No,Promoted,Yes
464,Vihaan Verma,Male,IT,Manager,Masters,17,28372,5,3,4,Yes,Not Promoted,Yes
465,Anika Mehta,Female,Sales,Analyst,MBA,0,165911,5,1,2,No,Not Promoted,Yes
466,Shaurya Joshi,Female,IT,Executive,MBA,6,102093,3,3,3,Yes,Not Promoted,No
467,Sara Kulkarni,Female,Marketing,Consultant,Bachelors,16,150783,5,4,4,No,Not Promoted,Yes
468,Aditya Singh,Male,Operations,Consultant,MBA,7,61384,3,1,5,Yes,Not Promoted,No
469,Vihaan Patel,Male,IT,Analyst,MBA,4,172217,3,5,3,No,Promoted,No
470,Diya Verma,Male,Sales,Analyst,Masters,6,154259,3,2,3,Yes,Not Promoted,Yes
471,Arjun Reddy,Male,Operations,Manager,Masters,3,66369,5,1,5,No,Not Promoted,Yes
472,Sara Bansal,Male,Marketing,Analyst,Bachelors,14,175010,4,2,4,No,Not Promoted,No
473,Reyansh Agarwal,Female,Finance,Developer,MBA,9,116273,1,2,3,Yes,Promoted,No
474,Sara Agarwal,Female,Sales,Associate,MBA,6,52249,2,1,1,Yes,Not Promoted,Yes
475,Krishna Reddy,Female,Operations,Manager,Masters,11,119841,1,1,1,No,Not Promoted,Yes
476,Sai Yadav,Male,Finance,Consultant,MBA,7,63836,5,4,3,No,Promoted,Yes
477,Vihaan Singh,Male,HR,Consultant,PhD,7,53121,4,3,5,Yes,Promoted,Yes
478,Pooja Yadav,Male,Operations,Executive,Masters,12,53961,3,2,1,No,Not Promoted,No
479,Anika Bansal,Male,HR,Consultant,Masters,0,126842,4,5,3,Yes,Promoted,No
480,Sara Mehta,Male,IT,Executive,Masters,3,29398,2,2,1,Yes,Not Promoted,Yes
481,Pooja Joshi,Male,HR,Developer,MBA,11,56709,5,1,5,Yes,Not Promoted,Yes
482,Vivaan Gupta,Female,HR,Associate,PhD,20,32810,5,2,5,No,Not Promoted,No
483,Vivaan Kulkarni,Male,IT,Consultant,Bachelors,19,63310,2,1,5,No,Promoted,Yes
484,Diya Malhotra,Male,Operations,Executive,Bachelors,0,171321,3,5,1,No,Promoted,No
485,Aditya Khan,Female,Marketing,Analyst,Masters,12,121120,3,2,5,Yes,Promoted,Yes
486,Aditya Malhotra,Female,IT,Associate,Bachelors,7,60217,1,1,4,No,Promoted,Yes
487,Anika Bansal,Male,Marketing,Executive,MBA,12,33150,5,5,3,No,Promoted,Yes
488,Ananya Gupta,Male,Operations,Executive,PhD,0,53969,5,1,1,No,Not Promoted,Yes
489,Myra Nair,Female,HR,Executive,PhD,6,175924,2,5,4,Yes,Promoted,No
490,Vihaan Verma,Female,IT,Analyst,MBA,15,145392,5,2,1,No,Not Promoted,No
491,Ishaan Shetty,Female,IT,Manager,Bachelors,5,55552,1,1,3,No,Promoted,No
492,Myra Das,Female,IT,Executive,MBA,13,155819,1,3,4,No,Not Promoted,Yes
493,Sara Malhotra,Male,Operations,Consultant,Bachelors,13,131173,4,2,4,Yes,Not Promoted,Yes
494,Krishna Yadav,Male,HR,Executive,Bachelors,15,111767,1,2,4,Yes,Promoted,No
495,Aanya Agarwal,Male,Marketing,Manager,MBA,3,73468,5,3,4,Yes,Promoted,No
496,Vivaan Joshi,Female,Operations,Consultant,Bachelors,0,107212,2,1,3,Yes,Promoted,Yes
497,Reyansh Malhotra,Male,Marketing,Developer,PhD,4,156770,1,1,1,Yes,Promoted,Yes
498,Aditya Mehta,Male,HR,Consultant,Bachelors,14,40729,1,3,4,No,Promoted,Yes
499,Diya Bansal,Female,HR,Executive,MBA,7,137175,1,5,4,No,Not Promoted,Yes
500,Ishaan Shetty,Female,Sales,Developer,MBA,2,102433,3,1,5,Yes,Promoted,Yes
501,Arjun Malhotra,Female,HR,Associate,MBA,6,136198,3,3,5,Yes,Promoted,Yes
502,Aadhya Malhotra,Male,Operations,Executive,Masters,17,50627,5,5,2,Yes,Not Promoted,No
503,Sai Yadav,Female,IT,Developer,Masters,18,44396,4,2,4,Yes,Promoted,Yes
504,Diya Kulkarni,Female,Marketing,Manager,Bachelors,0,32653,3,5,4,No,Promoted,No
505,Myra Yadav,Male,HR,Associate,MBA,0,93651,4,5,2,Yes,Promoted,No
506,Aanya Mehta,Male,HR,Manager,Masters,19,97243,1,3,1,Yes,Not Promoted,Yes
507,Reyansh Iyer,Female,Operations,Associate,Bachelors,4,158851,5,5,3,Yes,Not Promoted,No
508,Reyansh Sharma,Male,HR,Developer,Bachelors,6,51763,1,2,1,Yes,Promoted,No
509,Aadhya Kulkarni,Female,IT,Manager,PhD,4,103885,2,4,4,No,Not Promoted,No
510,Diya Reddy,Male,Marketing,Manager,Masters,0,157843,4,2,4,Yes,Promoted,Yes
511,Arjun Malhotra,Female,IT,Consultant,PhD,1,123460,5,3,3,No,Not Promoted,No
512,Sai Iyer,Female,HR,Developer,Bachelors,15,26214,1,5,5,No,Promoted,No
513,Aditya Kulkarni,Male,HR,Consultant,PhD,18,59896,1,3,1,Yes,Promoted,No
514,Ananya Iyer,Female,Operations,Manager,Bachelors,10,84436,5,4,1,No,Promoted,Yes
515,Myra Sharma,Female,Finance,Executive,PhD,0,100897,5,3,3,Yes,Not Promoted,Yes
516,Aadhya Agarwal,Female,IT,Analyst,PhD,7,133668,2,1,2,No,Not Promoted,No
517,Reyansh Malhotra,Male,IT,Consultant,MBA,1,26005,4,5,5,No,Not Promoted,No
518,Sara Kulkarni,Male,Operations,Manager,PhD,11,87993,1,3,1,No,Promoted,Yes
519,Vivaan Joshi,Female,HR,Manager,MBA,14,27219,4,1,5,No,Promoted,No
520,Vihaan Patel,Male,Finance,Manager,MBA,0,45190,5,1,5,No,Not Promoted,No
521,Ira Gupta,Female,Marketing,Consultant,MBA,19,156041,5,1,1,Yes,Promoted,No
522,Pooja Malhotra,Female,IT,Developer,Masters,3,77811,2,1,1,Yes,Not Promoted,No
523,Ananya Yadav,Male,IT,Manager,MBA,18,89797,2,2,4,No,Promoted,No
524,Anika Gupta,Female,Finance,Analyst,Masters,11,83254,2,1,5,Yes,Promoted,No
525,Aadhya Kapoor,Male,IT,Consultant,Masters,12,143347,3,2,1,Yes,Not Promoted,No
526,Ira Mehta,Female,HR,Executive,Bachelors,14,81359,3,1,4,No,Not Promoted,No
527,Ira Patel,Male,IT,Analyst,Bachelors,1,144937,4,5,2,No,Promoted,No
528,Ira Joshi,Female,Sales,Associate,Masters,5,156199,5,1,3,No,Promoted,Yes
529,Ira Gupta,Female,Finance,Analyst,PhD,2,53554,5,3,3,Yes,Not Promoted,No
530,Aadhya Reddy,Male,Operations,Developer,MBA,15,69793,5,1,2,No,Promoted,Yes
531,Arjun Mehta,Male,Operations,Associate,Masters,5,41882,3,2,4,Yes,Not Promoted,Yes
532,Myra Choudhary,Male,Marketing,Manager,Bachelors,11,157005,2,1,1,Yes,Not Promoted,Yes
533,Aarav Mehta,Male,Finance,Associate,Bachelors,16,65912,3,3,3,Yes,Promoted,Yes
534,Krishna Iyer,Male,Finance,Associate,Bachelors,0,79750,2,3,4,No,Not Promoted,No
535,Sara Sharma,Male,IT,Manager,Masters,15,99828,5,2,4,No,Not Promoted,No
536,Shaurya Patel,Male,Finance,Developer,Masters,14,44192,1,5,3,Yes,Not Promoted,Yes
537,Ishaan Nair,Female,IT,Manager,PhD,15,170489,3,1,5,Yes,Promoted,Yes
538,Ira Gupta,Male,Finance,Consultant,Masters,18,128559,3,2,5,No,Promoted,No
539,Pooja Joshi,Male,HR,Associate,Bachelors,1,113336,5,3,4,Yes,Not Promoted,No
540,Aditya Kapoor,Male,IT,Analyst,PhD,17,91900,1,2,4,No,Not Promoted,Yes
541,Diya Patel,Female,Finance,Associate,Bachelors,2,125547,2,2,3,No,Promoted,Yes
542,Aanya Agarwal,Male,Finance,Consultant,PhD,12,177129,3,5,2,No,Promoted,Yes
543,Ira Kapoor,Female,Finance,Consultant,MBA,9,137116,4,5,1,No,Promoted,Yes
544,Ira Singh,Male,Sales,Consultant,Bachelors,2,171387,1,3,3,No,Not Promoted,Yes
545,Ananya Gupta,Male,HR,Developer,Masters,12,76427,2,1,2,Yes,Not Promoted,Yes
546,Ananya Patel,Male,Finance,Associate,Bachelors,0,127147,1,3,4,Yes,Not Promoted,Yes
547,Diya Kapoor,Female,Operations,Consultant,PhD,2,93978,2,5,3,No,Promoted,Yes
548,Aditya Verma,Male,Marketing,Consultant,PhD,0,127828,4,4,1,Yes,Not Promoted,Yes
549,Krishna Iyer,Female,IT,Developer,MBA,4,38448,5,4,3,Yes,Promoted,Yes
550,Ira Reddy,Male,IT,Analyst,Masters,12,167815,5,2,4,Yes,Not Promoted,No
551,Anika Das,Male,Sales,Executive,MBA,7,70697,3,3,5,Yes,Promoted,Yes
552,Aarav Mehta,Male,HR,Executive,Masters,2,51243,5,1,4,No,Promoted,Yes
553,Aadhya Yadav,Female,IT,Associate,PhD,20,136980,5,3,1,No,Not Promoted,Yes
554,Aarav Shetty,Male,IT,Analyst,Bachelors,17,69603,1,4,4,No,Not Promoted,Yes
555,Vivaan Mehta,Female,Operations,Associate,Bachelors,19,166184,4,5,5,Yes,Promoted,Yes
556,Ira Agarwal,Female,Operations,Developer,Bachelors,10,111134,4,1,1,Yes,Not Promoted,Yes
557,Aadhya Joshi,Male,Sales,Consultant,Masters,2,65024,1,3,5,Yes,Not Promoted,Yes
558,Diya Iyer,Female,Finance,Analyst,PhD,11,178430,4,2,2,Yes,Not Promoted,No
559,Krishna Joshi,Male,Operations,Consultant,PhD,12,81137,2,4,3,Yes,Promoted,No
560,Riya Yadav,Female,Marketing,Executive,PhD,12,120051,1,1,3,Yes,Not Promoted,Yes
561,Riya Malhotra,Female,HR,Analyst,Masters,14,104818,2,4,3,No,Not Promoted,No
562,Shaurya Agarwal,Male,Sales,Developer,PhD,15,99538,4,2,2,Yes,Not Promoted,No
563,Aadhya Iyer,Female,Marketing,Executive,Bachelors,13,174595,3,4,5,No,Promoted,Yes
564,Anika Nair,Female,IT,Manager,Bachelors,9,126988,2,2,5,Yes,Not Promoted,No
565,Arjun Iyer,Female,HR,Manager,PhD,17,149224,5,3,3,Yes,Not Promoted,Yes
566,Pooja Singh,Female,HR,Analyst,Bachelors,17,157912,3,1,5,Yes,Not Promoted,No
567,Anika Reddy,Male,Marketing,Executive,Masters,3,85800,1,2,2,No,Promoted,Yes
568,Arjun Bansal,Male,Marketing,Executive,Masters,10,75382,5,4,4,Yes,Not Promoted,Yes
569,Sara Patel,Male,Sales,Manager,Masters,10,98944,5,2,2,Yes,Not Promoted,No
570,Aadhya Bansal,Female,Finance,Manager,PhD,6,177926,2,1,3,Yes,Not Promoted,Yes
571,Aarav Bansal,Male,Finance,Analyst,Masters,14,104470,3,5,4,No,Not Promoted,Yes
572,Aadhya Iyer,Female,Sales,Executive,Bachelors,6,59385,4,2,5,Yes,Not Promoted,No
573,Aanya Yadav,Male,Sales,Analyst,MBA,2,162730,4,5,2,No,Promoted,Yes
574,Anika Shetty,Female,Marketing,Manager,Masters,2,165530,5,5,5,No,Not Promoted,Yes
575,Myra Reddy,Male,Operations,Associate,Masters,3,55614,1,4,1,Yes,Not Promoted,No
576,Aanya Yadav,Female,HR,Developer,Masters,15,35963,5,4,4,Yes,Promoted,No
577,Sara Kulkarni,Female,Operations,Developer,Bachelors,3,153633,4,5,3,Yes,Promoted,No
578,Riya Khan,Female,IT,Developer,MBA,20,153638,2,2,1,No,Promoted,Yes
579,Sai Kulkarni,Male,Sales,Developer,MBA,1,118694,3,1,1,No,Promoted,No
580,Ira Singh,Female,Sales,Manager,Masters,20,83517,3,2,1,Yes,Not Promoted,Yes
581,Ananya Khan,Female,Marketing,Consultant,MBA,6,64182,2,1,4,No,Promoted,Yes
582,Reyansh Yadav,Male,Finance,Associate,Masters,4,145026,5,5,4,No,Promoted,Yes
583,Shaurya Nair,Male,Marketing,Consultant,PhD,20,136081,3,1,3,Yes,Promoted,No
584,Aanya Shetty,Male,Finance,Analyst,PhD,6,98100,4,2,4,Yes,Promoted,No
585,Vihaan Bansal,Female,Operations,Executive,Masters,11,108411,4,4,2,Yes,Promoted,Yes
586,Ishaan Mehta,Female,IT,Consultant,MBA,12,110788,5,2,2,No,Promoted,No
587,Anika Joshi,Male,IT,Associate,MBA,13,89699,1,1,5,No,Promoted,No
588,Diya Patel,Female,Finance,Manager,Masters,7,66918,4,3,4,No,Promoted,No
589,Krishna Verma,Female,HR,Analyst,Bachelors,7,68818,1,1,1,Yes,Not Promoted,No
590,Krishna Reddy,Female,Finance,Manager,Masters,3,120808,5,2,2,No,Promoted,No
591,Sara Nair,Female,HR,Consultant,Bachelors,12,127462,2,5,2,Yes,Promoted,No
592,Vihaan Patel,Male,Marketing,Consultant,PhD,17,74248,4,4,4,No,Promoted,No
593,Sai Singh,Male,Finance,Consultant,Bachelors,11,57078,5,4,1,No,Promoted,No
594,Diya Shetty,Male,IT,Consultant,MBA,11,171669,3,1,3,Yes,Promoted,Yes
595,Vihaan Kulkarni,Female,IT,Manager,Masters,1,35596,5,2,1,Yes,Promoted,No
596,Krishna Das,Female,IT,Developer,Bachelors,10,132158,3,3,5,Yes,Promoted,No
597,Shaurya Mehta,Female,HR,Developer,Bachelors,13,48320,2,4,5,No,Not Promoted,Yes
598,Anika Sharma,Female,IT,Associate,PhD,12,79395,2,5,4,No,Promoted,Yes
599,Ira Joshi,Female,Operations,Consultant,Masters,20,124597,3,3,1,Yes,Not Promoted,No
600,Pooja Das,Male,IT,Associate,MBA,0,35694,2,2,5,Yes,Promoted,Yes
601,Reyansh Reddy,Male,Finance,Analyst,MBA,14,145965,4,3,1,Yes,Promoted,No
602,Pooja Mehta,Female,Sales,Analyst,PhD,9,93315,2,1,4,Yes,Not Promoted,Yes
603,Sara Joshi,Male,HR,Analyst,Masters,5,25723,1,5,2,No,Not Promoted,No
604,Sai Nair,Male,Finance,Developer,MBA,7,33382,4,2,2,No,Promoted,No
605,Diya Shetty,Female,IT,Developer,MBA,5,36942,1,4,5,No,Promoted,Yes
606,Aadhya Choudhary,Male,IT,Analyst,Bachelors,9,45141,2,4,3,Yes,Not Promoted,No
607,Arjun Verma,Female,Finance,Associate,Bachelors,19,48637,3,5,2,Yes,Promoted,No
608,Myra Verma,Female,HR,Developer,Masters,16,174629,5,5,2,No,Promoted,Yes
609,Anika Agarwal,Male,HR,Associate,MBA,3,73104,2,3,2,Yes,Not Promoted,Yes
610,Krishna Iyer,Male,Operations,Consultant,MBA,5,110809,4,2,1,Yes,Promoted,Yes
611,Vivaan Sharma,Female,Finance,Manager,MBA,9,57777,5,4,4,No,Promoted,No
612,Ira Iyer,Female,Finance,Developer,Masters,14,128840,2,5,2,No,Not Promoted,No
613,Vihaan Singh,Female,Finance,Consultant,PhD,2,160190,5,4,5,Yes,Not Promoted,No
614,Ishaan Choudhary,Female,IT,Executive,MBA,15,55149,2,5,3,No,Not Promoted,No
615,Ananya Khan,Female,Operations,Developer,PhD,19,129108,3,3,4,No,Promoted,No
616,Diya Joshi,Male,Marketing,Analyst,PhD,4,55940,1,4,3,No,Promoted,No
617,Riya Mehta,Female,Finance,Executive,Masters,20,116187,3,4,1,Yes,Promoted,Yes
618,Myra Joshi,Male,Operations,Consultant,Bachelors,2,52428,2,3,5,No,Not Promoted,No
619,Aanya Das,Female,Finance,Executive,Bachelors,6,159848,5,1,1,No,Promoted,Yes
620,Aadhya Choudhary,Female,HR,Manager,Masters,4,77930,5,3,2,No,Promoted,Yes
621,Ira Singh,Female,HR,Associate,Bachelors,10,166713,2,4,1,No,Not Promoted,No
622,Aditya Agarwal,Male,HR,Consultant,Masters,4,30014,2,2,1,No,Not Promoted,Yes
623,Diya Bansal,Male,Operations,Associate,Bachelors,14,159445,1,5,2,No,Promoted,Yes
624,Riya Shetty,Male,Operations,Manager,Bachelors,16,128733,4,2,5,No,Not Promoted,No
625,Ishaan Kapoor,Female,Sales,Developer,Bachelors,3,104845,3,3,3,No,Promoted,No
626,Ishaan Gupta,Male,Marketing,Analyst,MBA,16,135988,5,5,1,Yes,Not Promoted,No
627,Pooja Agarwal,Male,Sales,Associate,MBA,8,167646,4,1,2,No,Promoted,No
628,Reyansh Kapoor,Female,Sales,Manager,MBA,11,162752,1,4,4,No,Not Promoted,No
629,Vivaan Yadav,Male,Sales,Analyst,Masters,11,131555,4,4,2,Yes,Not Promoted,No
630,Myra Verma,Male,Finance,Executive,MBA,0,81886,2,5,3,Yes,Not Promoted,No
631,Arjun Iyer,Male,HR,Consultant,MBA,3,61984,1,2,2,No,Promoted,Yes
632,Vivaan Singh,Male,Finance,Developer,Bachelors,5,110281,4,4,1,Yes,Promoted,Yes
633,Krishna Iyer,Female,Sales,Executive,Masters,8,122358,1,4,5,Yes,Not Promoted,Yes
634,Krishna Das,Male,Finance,Analyst,PhD,8,160622,3,5,4,No,Promoted,No
635,Vivaan Malhotra,Female,Sales,Manager,Bachelors,2,137581,2,4,2,No,Promoted,Yes
636,Ananya Iyer,Female,Sales,Executive,Bachelors,0,137573,2,4,3,Yes,Not Promoted,No
637,Vivaan Kulkarni,Male,Finance,Developer,PhD,6,178382,5,4,4,Yes,Promoted,Yes
638,Riya Patel,Male,IT,Analyst,Bachelors,4,38834,4,1,3,Yes,Promoted,Yes
639,Krishna Bansal,Female,Finance,Executive,MBA,19,45375,5,1,2,Yes,Promoted,No
640,Anika Patel,Female,Finance,Manager,PhD,2,50300,5,5,2,Yes,Promoted,No
641,Aanya Joshi,Male,HR,Executive,Bachelors,4,151828,3,1,4,Yes,Promoted,No
642,Riya Bansal,Male,Sales,Executive,Bachelors,0,115323,1,3,3,No,Promoted,Yes
643,Arjun Iyer,Male,IT,Manager,Bachelors,10,104630,1,2,3,Yes,Promoted,Yes
644,Vihaan Das,Female,Marketing,Developer,Masters,19,149633,2,1,1,No,Not Promoted,Yes
645,Vivaan Shetty,Male,HR,Manager,PhD,3,47677,2,3,3,Yes,Not Promoted,No
646,Myra Kulkarni,Female,Sales,Associate,MBA,1,134346,1,4,2,No,Not Promoted,Yes
647,Vihaan Choudhary,Female,Marketing,Analyst,PhD,10,31318,4,5,5,No,Not Promoted,Yes
648,Sara Kulkarni,Female,Sales,Executive,PhD,16,110553,5,4,3,No,Promoted,Yes
649,Aadhya Agarwal,Female,Marketing,Executive,PhD,17,86711,3,3,4,No,Promoted,Yes
650,Arjun Verma,Male,Operations,Consultant,Masters,1,85504,4,2,3,Yes,Not Promoted,Yes
651,Sai Kapoor,Female,Marketing,Developer,PhD,8,123533,5,2,2,No,Not Promoted,No
652,Vivaan Bansal,Female,IT,Executive,Masters,2,27393,3,3,4,No,Promoted,Yes
653,Myra Malhotra,Male,Finance,Analyst,Bachelors,7,145039,3,1,5,Yes,Not Promoted,No
654,Arjun Das,Female,Finance,Consultant,Bachelors,18,115248,2,3,2,No,Not Promoted,No
655,Myra Iyer,Female,IT,Consultant,Bachelors,10,164694,2,2,2,No,Not Promoted,Yes
656,Diya Bansal,Male,Finance,Executive,MBA,5,153545,2,2,5,No,Not Promoted,Yes
657,Ishaan Bansal,Male,HR,Associate,Bachelors,7,107821,1,3,5,No,Promoted,No
658,Ananya Yadav,Female,Sales,Developer,Bachelors,4,86736,1,2,2,Yes,Not Promoted,No
659,Aditya Yadav,Male,Marketing,Manager,PhD,20,105272,5,1,1,Yes,Not Promoted,No
660,Aarav Nair,Male,Sales,Consultant,Masters,18,113124,2,2,2,Yes,Not Promoted,Yes
661,Ananya Malhotra,Male,Finance,Consultant,Bachelors,2,114287,2,1,2,No,Promoted,Yes
662,Vivaan Joshi,Female,HR,Developer,Bachelors,2,178608,3,1,2,No,Not Promoted,Yes
663,Aditya Patel,Male,Sales,Manager,Bachelors,3,45229,4,3,4,Yes,Promoted,No
664,Aditya Singh,Female,Marketing,Associate,Masters,19,106935,2,5,4,Yes,Not Promoted,No
665,Ananya Bansal,Male,Finance,Executive,Bachelors,13,129000,5,2,3,No,Not Promoted,No
666,Aanya Iyer,Female,Operations,Executive,PhD,15,132071,2,1,4,No,Not Promoted,No
667,Krishna Patel,Male,Sales,Developer,MBA,20,173704,2,4,5,Yes,Promoted,No
668,Anika Shetty,Male,HR,Developer,PhD,3,59588,1,3,2,No,Promoted,No
669,Anika Sharma,Male,Finance,Associate,PhD,18,111066,4,2,4,Yes,Promoted,Yes
670,Sai Joshi,Female,Marketing,Analyst,Masters,10,62258,2,3,4,No,Promoted,No
671,Ira Verma,Female,Marketing,Manager,Masters,13,57070,5,3,1,No,Promoted,No
672,Diya Iyer,Male,HR,Manager,Bachelors,5,35856,3,1,4,Yes,Promoted,Yes
673,Aadhya Bansal,Male,Sales,Manager,Masters,11,140842,5,5,1,No,Not Promoted,Yes
674,Aditya Singh,Male,Marketing,Manager,Bachelors,14,119645,4,3,2,Yes,Promoted,Yes
675,Myra Verma,Female,Sales,Manager,PhD,9,136555,1,2,4,Yes,Promoted,Yes
676,Sara Gupta,Male,Marketing,Associate,MBA,2,60774,4,1,2,No,Promoted,Yes
677,Diya Sharma,Male,IT,Associate,Masters,0,124509,3,1,5,Yes,Promoted,Yes
678,Sara Yadav,Female,Finance,Analyst,Bachelors,17,102488,1,5,1,Yes,Promoted,Yes
679,Aanya Malhotra,Female,Marketing,Consultant,Masters,11,152167,4,4,4,Yes,Not Promoted,No
680,Anika Kapoor,Female,HR,Developer,Bachelors,1,75657,3,1,3,No,Not Promoted,Yes
681,Ananya Kulkarni,Female,Finance,Developer,Masters,15,57770,2,1,1,Yes,Promoted,No
682,Riya Patel,Female,HR,Associate,Masters,14,102351,5,5,2,Yes,Promoted,No
683,Shaurya Shetty,Female,Operations,Consultant,Bachelors,2,44002,5,4,4,Yes,Not Promoted,No
684,Myra Malhotra,Female,HR,Executive,MBA,8,175472,1,4,2,Yes,Promoted,Yes
685,Arjun Kapoor,Male,HR,Associate,Bachelors,3,34711,1,5,1,Yes,Promoted,No
686,Aanya Reddy,Female,Finance,Associate,MBA,19,89015,3,3,4,Yes,Not Promoted,No
687,Ananya Kapoor,Female,Finance,Manager,PhD,12,108861,5,3,5,No,Not Promoted,Yes
688,Sara Nair,Female,Sales,Manager,Bachelors,5,179517,1,1,5,Yes,Promoted,No
689,Diya Nair,Male,Marketing,Manager,Masters,16,139982,4,1,2,Yes,Promoted,No
690,Ananya Mehta,Female,IT,Consultant,PhD,16,139666,2,1,3,No,Promoted,Yes
691,Aditya Agarwal,Male,Sales,Associate,Masters,15,77137,1,5,3,Yes,Not Promoted,Yes
692,Diya Singh,Female,Finance,Developer,Masters,17,72770,5,5,5,No,Promoted,Yes
693,Vihaan Shetty,Male,Finance,Manager,MBA,14,49808,5,5,3,Yes,Promoted,No
694,Vivaan Sharma,Male,Finance,Analyst,Masters,1,53628,5,3,1,No,Not Promoted,No
695,Arjun Shetty,Female,Operations,Manager,MBA,0,72845,3,2,4,No,Promoted,Yes
696,Diya Agarwal,Male,Sales,Consultant,Masters,3,175448,5,3,1,Yes,Promoted,No
697,Vivaan Choudhary,Female,Sales,Consultant,MBA,20,30992,3,4,5,Yes,Not Promoted,Yes
698,Aarav Das,Male,Sales,Consultant,PhD,17,115352,4,3,2,No,Promoted,No
699,Arjun Joshi,Female,HR,Manager,Masters,4,151617,5,1,2,Yes,Not Promoted,No
700,Aarav Verma,Male,IT,Manager,Bachelors,11,111277,2,4,1,No,Promoted,Yes
701,Vihaan Joshi,Male,HR,Analyst,PhD,2,89593,5,5,2,Yes,Promoted,No
702,Ananya Yadav,Male,Marketing,Consultant,Bachelors,13,127759,3,2,2,Yes,Promoted,Yes
703,Anika Bansal,Male,Finance,Developer,Bachelors,9,40813,1,1,4,Yes,Not Promoted,Yes
704,Krishna Kapoor,Female,Sales,Analyst,Masters,15,68240,4,4,1,No,Not Promoted,No
705,Ishaan Choudhary,Female,HR,Developer,PhD,12,33368,2,3,1,No,Not Promoted,No
706,Reyansh Shetty,Male,IT,Consultant,Masters,8,81376,3,2,2,No,Promoted,Yes
707,Aadhya Das,Female,Finance,Associate,MBA,5,62521,4,5,1,No,Not Promoted,No
708,Krishna Malhotra,Male,Sales,Manager,PhD,1,74919,5,3,2,Yes,Not Promoted,No
709,Shaurya Agarwal,Male,Marketing,Developer,Bachelors,10,148833,2,2,2,No,Promoted,No
710,Ananya Gupta,Male,Finance,Developer,Bachelors,6,123164,4,2,4,No,Promoted,No
711,Anika Shetty,Female,HR,Analyst,Bachelors,16,109692,1,5,1,No,Not Promoted,Yes
712,Myra Agarwal,Male,Sales,Analyst,Bachelors,18,51171,4,3,5,No,Not Promoted,Yes
713,Aarav Sharma,Male,Sales,Analyst,Bachelors,6,72061,4,2,1,No,Promoted,Yes
714,Aanya Nair,Male,Sales,Manager,Masters,9,122541,1,1,3,Yes,Promoted,Yes
715,Sai Shetty,Male,Sales,Developer,Bachelors,1,117932,5,3,5,Yes,Promoted,No
716,Ananya Shetty,Male,HR,Consultant,MBA,20,76677,4,3,2,No,Not Promoted,No
717,Ira Kulkarni,Male,Finance,Consultant,Bachelors,11,90361,1,4,4,Yes,Not Promoted,No
718,Ira Patel,Female,Sales,Associate,Bachelors,14,143135,3,2,1,Yes,Promoted,Yes
719,Anika Singh,Male,Finance,Manager,Masters,15,43201,1,4,4,No,Promoted,Yes
720,Ira Choudhary,Male,Finance,Executive,MBA,20,74143,3,5,2,No,Promoted,No
721,Arjun Nair,Male,Marketing,Analyst,Bachelors,12,25671,5,2,5,No,Not Promoted,No
722,Ishaan Reddy,Female,Finance,Executive,Bachelors,10,145130,5,3,1,Yes,Promoted,Yes
723,Aditya Choudhary,Female,Sales,Manager,PhD,14,33033,2,4,5,No,Promoted,No
724,Ishaan Gupta,Female,HR,Manager,MBA,3,166456,4,2,4,Yes,Not Promoted,No
725,Sai Malhotra,Male,Sales,Associate,Masters,9,89686,5,4,4,Yes,Not Promoted,Yes
726,Shaurya Kulkarni,Female,Marketing,Executive,Bachelors,11,101402,3,2,2,Yes,Not Promoted,No
727,Aadhya Kulkarni,Male,Operations,Manager,MBA,17,161101,2,5,5,Yes,Not Promoted,No
728,Aditya Sharma,Female,Sales,Analyst,Bachelors,8,171449,1,2,2,No,Promoted,Yes
729,Reyansh Das,Female,Marketing,Developer,Masters,6,74821,2,1,5,No,Not Promoted,No
730,Vihaan Shetty,Female,Operations,Manager,Masters,3,152904,1,1,1,Yes,Promoted,Yes
731,Pooja Nair,Male,HR,Developer,MBA,15,163015,2,5,2,No,Promoted,Yes
732,Arjun Reddy,Male,Sales,Consultant,Masters,19,27657,3,2,2,Yes,Promoted,Yes
733,Aarav Kapoor,Female,Finance,Associate,MBA,15,113694,4,5,5,No,Promoted,Yes
734,Anika Gupta,Female,IT,Consultant,PhD,1,26651,5,5,4,No,Not Promoted,No
735,Aanya Malhotra,Male,Marketing,Consultant,Masters,3,103927,1,5,1,No,Promoted,No
736,Vihaan Agarwal,Male,IT,Consultant,MBA,8,142019,1,3,2,No,Not Promoted,Yes
737,Vivaan Malhotra,Male,IT,Analyst,MBA,3,28302,4,2,2,No,Not Promoted,Yes
738,Arjun Joshi,Female,Finance,Developer,MBA,17,103198,2,3,4,No,Promoted,No
739,Sai Kapoor,Male,IT,Associate,Masters,16,152587,4,5,2,No,Promoted,Yes
740,Krishna Das,Female,IT,Associate,PhD,15,108421,2,3,1,No,Promoted,Yes
741,Riya Kapoor,Male,Marketing,Consultant,Bachelors,15,133248,5,1,5,Yes,Promoted,Yes
742,Anika Reddy,Female,Finance,Developer,PhD,14,116663,5,2,4,Yes,Not Promoted,Yes
743,Arjun Yadav,Male,Finance,Consultant,PhD,13,162437,2,1,5,No,Promoted,No
744,Shaurya Verma,Male,HR,Analyst,PhD,11,42847,2,4,2,No,Not Promoted,Yes
745,Riya Sharma,Female,HR,Consultant,Masters,19,138827,3,2,4,Yes,Promoted,No
746,Myra Kulkarni,Female,Sales,Developer,PhD,0,46620,2,3,4,No,Not Promoted,No
747,Aadhya Choudhary,Male,Marketing,Manager,Masters,1,126921,3,5,3,No,Not Promoted,No
748,Sara Kulkarni,Female,IT,Associate,Bachelors,1,36026,1,2,3,No,Not Promoted,Yes
749,Krishna Malhotra,Female,Sales,Consultant,Bachelors,7,115469,1,3,5,No,Not Promoted,Yes
750,Krishna Yadav,Female,Finance,Manager,PhD,13,41079,1,3,3,No,Promoted,Yes
751,Aanya Choudhary,Female,Operations,Analyst,Bachelors,6,152156,3,5,4,Yes,Not Promoted,Yes
752,Ira Iyer,Male,Marketing,Consultant,PhD,2,38413,3,3,1,No,Promoted,No
753,Ishaan Reddy,Male,HR,Consultant,PhD,20,112972,2,1,4,Yes,Not Promoted,No
754,Aditya Choudhary,Male,Operations,Consultant,PhD,0,128871,3,1,2,No,Not Promoted,Yes
755,Aanya Shetty,Male,Marketing,Executive,Bachelors,5,132549,5,4,1,Yes,Promoted,Yes
756,Pooja Singh,Female,Finance,Developer,PhD,17,120005,4,5,4,Yes,Promoted,Yes
757,Sara Kapoor,Female,IT,Manager,PhD,8,113125,2,1,4,No,Promoted,No
758,Myra Joshi,Female,Sales,Analyst,MBA,16,44973,1,4,4,Yes,Not Promoted,No
759,Sai Joshi,Female,IT,Consultant,Bachelors,16,172669,5,5,1,Yes,Not Promoted,No
760,Shaurya Iyer,Male,Sales,Associate,Bachelors,5,145722,5,3,3,Yes,Not Promoted,No
761,Myra Khan,Male,Operations,Analyst,PhD,14,61820,2,4,4,Yes,Promoted,Yes
762,Aanya Bansal,Male,Finance,Developer,PhD,7,86033,1,3,5,No,Not Promoted,Yes
763,Pooja Nair,Male,Finance,Associate,PhD,13,109340,5,5,4,Yes,Not Promoted,No
764,Arjun Joshi,Male,Finance,Executive,PhD,14,63756,2,4,3,Yes,Promoted,Yes
765,Aarav Iyer,Female,IT,Developer,Masters,11,166825,4,2,5,No,Not Promoted,No
766,Pooja Gupta,Female,HR,Executive,PhD,10,55346,4,5,1,Yes,Not Promoted,Yes
767,Aadhya Khan,Male,Operations,Developer,PhD,8,81480,5,1,1,Yes,Not Promoted,Yes
768,Aarav Patel,Female,Finance,Manager,PhD,15,165865,2,5,2,No,Promoted,No
769,Aarav Kapoor,Male,Finance,Manager,PhD,20,152927,5,3,2,No,Promoted,Yes
770,Krishna Agarwal,Female,Operations,Developer,Masters,7,57881,5,1,1,Yes,Promoted,Yes
771,Aditya Yadav,Male,Operations,Associate,PhD,2,106832,5,3,1,Yes,Not Promoted,No
772,Arjun Joshi,Female,Finance,Associate,Bachelors,17,50306,3,3,1,No,Not Promoted,Yes
773,Sai Sharma,Male,Operations,Executive,PhD,2,106805,3,1,3,No,Not Promoted,No
774,Ananya Gupta,Female,Sales,Developer,PhD,20,177615,1,4,4,No,Not Promoted,Yes
775,Pooja Verma,Male,Operations,Analyst,PhD,3,115625,5,2,3,No,Not Promoted,Yes
776,Aarav Patel,Female,Finance,Developer,Bachelors,18,156830,4,5,4,No,Promoted,Yes
777,Krishna Verma,Female,Finance,Manager,Masters,9,92030,2,4,1,Yes,Promoted,No
778,Sara Choudhary,Male,Finance,Associate,MBA,3,119621,3,1,3,Yes,Promoted,No
779,Myra Shetty,Male,Marketing,Manager,Masters,16,25582,5,4,2,Yes,Promoted,Yes
780,Aanya Das,Female,Finance,Developer,Masters,13,57257,4,1,3,Yes,Promoted,Yes
781,Aditya Kapoor,Female,Operations,Associate,Masters,14,34661,3,4,1,No,Promoted,No
782,Aadhya Nair,Male,HR,Consultant,Bachelors,15,44299,4,1,3,No,Promoted,No
783,Ananya Joshi,Male,Finance,Analyst,MBA,8,67080,4,5,3,No,Promoted,Yes
784,Shaurya Sharma,Female,Operations,Developer,PhD,1,57297,4,4,3,No,Promoted,No
785,Pooja Singh,Male,Sales,Consultant,Masters,17,156726,4,4,3,Yes,Promoted,Yes
786,Sai Sharma,Male,IT,Analyst,MBA,4,156485,3,2,5,No,Not Promoted,No
787,Arjun Yadav,Male,IT,Manager,MBA,5,177547,4,5,5,No,Promoted,No
788,Krishna Das,Female,Sales,Consultant,MBA,9,107947,3,1,5,Yes,Not Promoted,Yes
789,Sai Agarwal,Female,Operations,Manager,Bachelors,7,48426,5,1,5,Yes,Not Promoted,No
790,Aarav Gupta,Female,Finance,Analyst,MBA,17,173421,3,4,5,Yes,Not Promoted,Yes
791,Ishaan Nair,Female,Marketing,Associate,PhD,8,84067,2,2,2,No,Not Promoted,Yes
792,Shaurya Das,Female,HR,Associate,MBA,3,110081,5,4,4,Yes,Promoted,No
793,Anika Shetty,Female,Marketing,Associate,MBA,3,41850,1,1,3,Yes,Promoted,No
794,Anika Patel,Male,Finance,Developer,PhD,20,63056,4,4,1,No,Promoted,No
795,Vivaan Bansal,Female,Marketing,Manager,Masters,0,80971,1,4,4,Yes,Not Promoted,No
796,Shaurya Singh,Male,Sales,Consultant,MBA,19,95184,3,1,5,Yes,Promoted,Yes
797,Ishaan Yadav,Female,HR,Analyst,MBA,16,116167,5,5,3,No,Promoted,Yes
798,Arjun Malhotra,Male,Finance,Manager,MBA,19,83334,4,1,4,No,Promoted,No
799,Reyansh Kulkarni,Male,HR,Consultant,Bachelors,2,132416,2,2,2,Yes,Not Promoted,Yes
800,Sara Agarwal,Female,Operations,Manager,Masters,19,113563,4,5,5,Yes,Not Promoted,Yes
801,Diya Patel,Female,Marketing,Analyst,Masters,0,125849,1,3,4,Yes,Not Promoted,Yes
802,Pooja Kulkarni,Male,Sales,Manager,Masters,9,97900,3,4,1,Yes,Not Promoted,No
803,Ananya Singh,Male,HR,Consultant,MBA,9,171785,2,2,4,Yes,Not Promoted,Yes
804,Sara Agarwal,Female,HR,Analyst,Bachelors,15,165070,4,4,1,Yes,Promoted,Yes
805,Aditya Kulkarni,Male,Marketing,Manager,Masters,9,118996,2,2,2,No,Not Promoted,Yes
806,Sai Mehta,Female,Operations,Developer,Masters,9,62263,1,4,2,No,Not Promoted,Yes
807,Pooja Agarwal,Male,IT,Analyst,PhD,13,83525,2,4,5,No,Promoted,No
808,Diya Sharma,Male,HR,Consultant,Masters,12,77945,2,5,3,Yes,Promoted,No
809,Pooja Nair,Male,IT,Manager,PhD,15,65080,4,5,5,Yes,Not Promoted,Yes
810,Ira Kulkarni,Female,Operations,Associate,PhD,7,46745,3,3,3,No,Promoted,No
811,Myra Mehta,Male,IT,Consultant,Masters,5,177257,4,2,2,Yes,Promoted,No
812,Anika Kulkarni,Male,Operations,Analyst,Masters,15,77759,1,1,5,No,Promoted,No
813,Riya Yadav,Female,Finance,Manager,MBA,15,88765,1,5,4,Yes,Not Promoted,Yes
814,Aarav Patel,Male,HR,Executive,Bachelors,12,171336,5,1,5,Yes,Promoted,Yes
815,Myra Kulkarni,Male,HR,Associate,PhD,5,173158,2,4,5,No,Promoted,Yes
816,Aadhya Nair,Male,IT,Associate,Masters,10,51499,1,2,1,No,Not Promoted,Yes
817,Shaurya Choudhary,Female,IT,Executive,Bachelors,17,147628,2,3,4,Yes,Promoted,Yes
818,Diya Kapoor,Male,IT,Executive,PhD,16,84162,5,3,5,Yes,Promoted,No
819,Sara Shetty,Female,Finance,Executive,MBA,16,175442,1,2,4,Yes,Not Promoted,Yes
820,Aadhya Kapoor,Female,Operations,Analyst,PhD,14,152451,1,1,5,Yes,Promoted,Yes
821,Vivaan Khan,Male,Sales,Developer,PhD,3,126685,1,2,2,No,Not Promoted,Yes
822,Ananya Malhotra,Male,IT,Analyst,MBA,0,91258,4,3,2,No,Promoted,No
823,Sai Gupta,Male,Operations,Associate,PhD,14,55561,3,3,4,Yes,Not Promoted,No
824,Vivaan Verma,Female,Sales,Consultant,Bachelors,11,74250,4,3,5,Yes,Promoted,Yes
825,Riya Singh,Male,Operations,Associate,MBA,20,39418,2,3,1,No,Not Promoted,Yes
826,Shaurya Verma,Male,Marketing,Associate,Masters,5,91439,1,1,1,Yes,Promoted,Yes
827,Ananya Malhotra,Female,HR,Analyst,Bachelors,13,51963,3,3,5,No,Promoted,Yes
828,Anika Nair,Male,Sales,Analyst,Bachelors,11,104135,4,1,2,Yes,Not Promoted,Yes
829,Aditya Yadav,Male,Operations,Consultant,Bachelors,16,36917,1,5,3,No,Not Promoted,Yes
830,Krishna Gupta,Female,IT,Analyst,MBA,8,29548,5,2,4,Yes,Not Promoted,Yes
831,Sai Patel,Male,Sales,Associate,MBA,5,143222,2,4,3,Yes,Promoted,No
832,Vivaan Kulkarni,Male,HR,Executive,MBA,10,48300,4,2,1,No,Not Promoted,No
833,Aadhya Kapoor,Male,Operations,Executive,Masters,9,90663,2,2,3,No,Not Promoted,Yes
834,Reyansh Agarwal,Male,Sales,Developer,Bachelors,3,83495,4,3,3,Yes,Not Promoted,No
835,Riya Mehta,Female,Finance,Consultant,Bachelors,18,91651,5,4,2,No,Promoted,No
836,Aditya Das,Female,Sales,Manager,Bachelors,3,155485,4,5,3,No,Promoted,Yes
837,Arjun Gupta,Male,Sales,Consultant,MBA,17,100622,2,4,5,Yes,Promoted,No
838,Aanya Kapoor,Male,Operations,Associate,PhD,18,125377,3,1,3,No,Not Promoted,No
839,Reyansh Nair,Male,IT,Developer,PhD,10,162107,5,5,3,No,Not Promoted,No
840,Arjun Patel,Female,Finance,Consultant,MBA,12,55769,5,3,2,No,Not Promoted,No
841,Vivaan Singh,Male,HR,Analyst,Masters,4,90869,3,3,2,Yes,Promoted,No
842,Reyansh Agarwal,Male,Finance,Executive,Masters,4,92780,2,2,5,No,Promoted,Yes
843,Riya Kapoor,Female,Finance,Manager,MBA,14,45224,1,2,5,No,Promoted,Yes
844,Sai Verma,Female,HR,Associate,Bachelors,15,147364,4,4,2,Yes,Not Promoted,Yes
845,Pooja Yadav,Male,HR,Executive,PhD,11,39902,2,3,3,Yes,Promoted,No
846,Riya Malhotra,Female,HR,Consultant,Bachelors,10,154459,5,4,5,No,Promoted,Yes
847,Ishaan Das,Female,Finance,Executive,Bachelors,2,113588,3,3,1,Yes,Not Promoted,Yes
848,Vivaan Choudhary,Male,Finance,Executive,Masters,2,135607,4,2,3,No,Not Promoted,No
849,Anika Nair,Female,IT,Executive,Bachelors,10,136358,1,2,5,No,Promoted,Yes
850,Reyansh Nair,Male,HR,Developer,Bachelors,8,49647,3,2,3,No,Promoted,Yes
851,Myra Gupta,Female,IT,Developer,PhD,4,171511,3,1,2,Yes,Not Promoted,Yes
852,Aarav Kulkarni,Male,Marketing,Associate,Bachelors,13,87953,5,5,4,Yes,Promoted,No
853,Anika Choudhary,Male,HR,Manager,MBA,18,146269,1,2,1,No,Promoted,No
854,Anika Nair,Male,Operations,Developer,Masters,8,34908,2,2,5,Yes,Not Promoted,Yes
855,Vihaan Joshi,Male,Finance,Developer,MBA,9,153336,5,4,4,Yes,Not Promoted,Yes
856,Aarav Sharma,Female,IT,Developer,PhD,11,148167,1,3,1,Yes,Not Promoted,No
857,Ira Patel,Male,IT,Manager,MBA,17,60770,3,1,1,No,Promoted,No
858,Anika Verma,Female,Sales,Executive,PhD,8,90986,5,2,3,No,Promoted,Yes
859,Aarav Kapoor,Male,Finance,Analyst,Masters,19,129367,3,4,2,Yes,Promoted,No
860,Aditya Kulkarni,Male,Operations,Associate,MBA,17,108687,2,5,5,No,Not Promoted,Yes
861,Sai Iyer,Male,Marketing,Developer,Masters,5,166123,4,1,2,No,Promoted,No
862,Ishaan Gupta,Female,Sales,Consultant,MBA,8,160488,4,5,1,Yes,Not Promoted,Yes
863,Aanya Joshi,Female,Sales,Analyst,MBA,5,127349,1,1,3,Yes,Promoted,No
864,Aanya Choudhary,Male,Sales,Consultant,Bachelors,2,95663,4,4,1,Yes,Not Promoted,No
865,Vihaan Shetty,Male,Sales,Consultant,Bachelors,12,85881,4,4,5,Yes,Not Promoted,No
866,Diya Gupta,Female,Marketing,Manager,MBA,12,104736,5,5,5,Yes,Promoted,Yes
867,Sara Singh,Female,Finance,Associate,Bachelors,4,139861,2,3,3,Yes,Promoted,Yes
868,Vivaan Mehta,Female,IT,Executive,Bachelors,18,29810,3,2,5,No,Promoted,No
869,Reyansh Khan,Female,Sales,Consultant,Masters,17,116885,3,3,1,No,Not Promoted,Yes
870,Pooja Shetty,Male,Sales,Developer,Masters,15,152248,3,1,4,Yes,Promoted,Yes
871,Ira Patel,Male,Marketing,Consultant,Masters,6,46734,2,1,3,No,Promoted,No
872,Diya Yadav,Female,Finance,Analyst,Bachelors,6,178051,4,3,4,Yes,Not Promoted,No
873,Vivaan Shetty,Female,IT,Consultant,PhD,4,53986,3,4,3,No,Promoted,Yes
874,Diya Yadav,Male,IT,Executive,Bachelors,18,158530,2,3,1,No,Promoted,Yes
875,Aanya Shetty,Female,Marketing,Associate,Bachelors,9,152429,3,5,1,No,Promoted,No
876,Aarav Verma,Female,Sales,Manager,Bachelors,2,64185,1,1,1,Yes,Not Promoted,Yes
877,Aarav Iyer,Male,Sales,Analyst,Bachelors,6,159711,4,4,5,Yes,Not Promoted,Yes
878,Pooja Patel,Male,Marketing,Associate,Masters,1,46539,5,5,3,No,Promoted,Yes
879,Reyansh Mehta,Male,Finance,Developer,PhD,15,65833,3,2,4,Yes,Not Promoted,No
880,Anika Agarwal,Male,HR,Developer,Bachelors,18,75644,1,4,4,Yes,Promoted,Yes
881,Vihaan Gupta,Female,Operations,Analyst,PhD,7,35302,1,2,3,Yes,Not Promoted,No
882,Aanya Iyer,Male,Sales,Consultant,PhD,0,123105,3,2,5,Yes,Promoted,Yes
883,Sara Bansal,Female,IT,Associate,Bachelors,20,166494,3,1,4,No,Not Promoted,No
884,Reyansh Kapoor,Female,HR,Executive,MBA,20,68610,3,2,2,Yes,Not Promoted,No
885,Arjun Reddy,Male,Finance,Executive,Masters,1,97948,5,3,3,No,Not Promoted,Yes
886,Reyansh Reddy,Male,Sales,Analyst,Masters,1,45989,5,4,2,Yes,Promoted,Yes
887,Myra Iyer,Male,Marketing,Analyst,MBA,16,162779,1,4,1,No,Promoted,No
888,Ishaan Shetty,Female,HR,Manager,PhD,18,163606,1,2,4,Yes,Promoted,Yes
889,Krishna Iyer,Female,IT,Executive,MBA,9,86675,5,2,1,No,Not Promoted,No
890,Sara Nair,Male,IT,Executive,Masters,5,159173,4,2,2,No,Promoted,No
891,Riya Yadav,Female,Finance,Consultant,Bachelors,6,40807,2,3,5,Yes,Promoted,No
892,Pooja Agarwal,Female,Sales,Associate,Bachelors,19,59658,5,5,3,Yes,Promoted,No
893,Riya Sharma,Male,IT,Manager,Bachelors,19,163857,5,1,2,Yes,Promoted,Yes
894,Shaurya Reddy,Female,IT,Associate,MBA,2,46411,1,1,5,Yes,Promoted,Yes
895,Aditya Shetty,Male,Marketing,Consultant,Masters,20,176478,1,3,2,Yes,Promoted,No
896,Vihaan Joshi,Female,IT,Consultant,Bachelors,6,167170,2,5,2,Yes,Not Promoted,Yes
897,Vihaan Bansal,Male,Finance,Analyst,PhD,3,54113,4,4,5,Yes,Not Promoted,Yes
898,Pooja Joshi,Female,Marketing,Manager,Bachelors,2,145205,2,3,4,No,Promoted,Yes
899,Aanya Joshi,Female,Operations,Analyst,Bachelors,20,138484,5,4,1,No,Not Promoted,No
900,Aditya Joshi,Female,Marketing,Associate,Masters,8,53462,1,2,3,No,Not Promoted,No
901,Pooja Kulkarni,Male,HR,Executive,MBA,16,137663,2,3,3,Yes,Not Promoted,Yes
902,Anika Singh,Male,Sales,Analyst,PhD,13,112349,4,5,2,No,Not Promoted,Yes
903,Pooja Bansal,Male,Sales,Analyst,PhD,12,46336,1,1,4,No,Promoted,No
904,Vihaan Iyer,Male,Sales,Consultant,Bachelors,18,144033,4,4,2,Yes,Promoted,Yes
905,Arjun Sharma,Female,Sales,Manager,PhD,6,118179,3,1,1,No,Promoted,Yes
906,Ira Shetty,Male,IT,Developer,MBA,12,141389,4,2,5,Yes,Promoted,No
907,Krishna Malhotra,Female,Marketing,Analyst,Bachelors,9,88579,1,2,4,No,Not Promoted,Yes
908,Aanya Bansal,Male,IT,Developer,PhD,15,159911,2,3,4,Yes,Promoted,No
909,Arjun Kapoor,Female,IT,Developer,MBA,9,49749,5,4,5,Yes,Not Promoted,Yes
910,Pooja Singh,Male,HR,Manager,PhD,9,31170,3,4,4,No,Promoted,Yes
911,Ananya Gupta,Male,Operations,Executive,PhD,9,62874,2,4,5,Yes,Promoted,Yes
912,Krishna Kulkarni,Female,Finance,Developer,PhD,4,93624,1,5,2,No,Not Promoted,Yes
913,Sai Malhotra,Female,HR,Associate,MBA,3,48626,4,3,4,Yes,Promoted,No
914,Aditya Patel,Male,Sales,Associate,Masters,18,149764,1,1,5,Yes,Promoted,No
915,Diya Das,Female,Operations,Executive,Masters,19,165345,4,5,1,Yes,Not Promoted,No
916,Myra Shetty,Male,Operations,Executive,MBA,3,134713,3,3,4,No,Promoted,Yes
917,Sara Nair,Female,Finance,Analyst,PhD,7,169474,2,3,1,Yes,Promoted,Yes
918,Riya Joshi,Male,Marketing,Executive,Bachelors,7,46971,4,2,2,No,Promoted,Yes
919,Riya Gupta,Female,Finance,Consultant,PhD,0,51646,5,4,1,No,Not Promoted,Yes
920,Vihaan Das,Male,Sales,Executive,PhD,6,88771,2,1,3,Yes,Not Promoted,Yes
921,Aditya Singh,Female,HR,Analyst,PhD,3,52732,1,3,2,No,Promoted,Yes
922,Diya Shetty,Male,Finance,Associate,MBA,6,62943,3,1,1,Yes,Promoted,No
923,Aditya Reddy,Female,IT,Executive,MBA,6,43855,2,5,3,No,Promoted,No
924,Vivaan Yadav,Male,Sales,Executive,PhD,1,54826,5,5,1,No,Promoted,Yes
925,Aditya Nair,Male,Operations,Associate,Bachelors,13,146847,1,5,1,Yes,Not Promoted,Yes
926,Sai Patel,Male,Marketing,Executive,Masters,5,147284,1,4,2,No,Promoted,No
927,Myra Choudhary,Male,IT,Manager,Masters,7,136866,5,1,5,No,Not Promoted,No
928,Pooja Yadav,Female,Marketing,Consultant,PhD,10,137590,1,4,4,Yes,Not Promoted,Yes
929,Aditya Kulkarni,Female,IT,Developer,Bachelors,8,169945,2,3,5,Yes,Promoted,No
930,Myra Choudhary,Female,Marketing,Executive,MBA,14,25780,5,3,1,Yes,Not Promoted,Yes
931,Anika Shetty,Female,IT,Consultant,Bachelors,7,56189,5,4,2,No,Promoted,Yes
932,Krishna Iyer,Female,Marketing,Consultant,PhD,2,46567,1,1,2,No,Not Promoted,No
933,Reyansh Choudhary,Male,HR,Analyst,MBA,5,154429,5,1,4,Yes,Promoted,Yes
934,Ishaan Bansal,Male,HR,Consultant,MBA,10,34880,3,4,2,Yes,Promoted,Yes
935,Shaurya Singh,Male,Operations,Developer,Bachelors,5,46740,5,4,5,No,Not Promoted,No
936,Riya Gupta,Female,IT,Analyst,Bachelors,19,168428,4,2,1,Yes,Not Promoted,Yes
937,Aadhya Kapoor,Female,Finance,Analyst,Bachelors,8,94618,5,2,4,Yes,Not Promoted,No
938,Ishaan Malhotra,Male,HR,Analyst,Masters,19,25381,2,2,4,Yes,Not Promoted,Yes
939,Aadhya Kulkarni,Male,HR,Developer,Masters,6,146394,4,5,3,No,Promoted,Yes
940,Riya Joshi,Male,IT,Analyst,Masters,19,177742,2,3,3,No,Not Promoted,Yes
941,Aadhya Reddy,Female,Finance,Associate,Bachelors,7,156579,5,5,4,Yes,Promoted,Yes
942,Shaurya Patel,Male,Operations,Analyst,Masters,14,25405,3,2,1,Yes,Not Promoted,No
943,Vihaan Agarwal,Female,HR,Developer,Masters,2,179449,3,1,4,No,Not Promoted,Yes
944,Aanya Bansal,Female,Marketing,Manager,Masters,7,78115,5,5,2,Yes,Not Promoted,No
945,Aarav Iyer,Male,Operations,Associate,Masters,5,132002,4,1,4,Yes,Promoted,Yes
946,Sara Gupta,Male,Finance,Consultant,PhD,2,117120,1,5,5,Yes,Promoted,Yes
947,Ira Khan,Female,IT,Consultant,Bachelors,3,112551,3,3,4,No,Promoted,Yes
948,Ishaan Iyer,Male,Operations,Developer,MBA,15,138050,4,5,4,No,Not Promoted,No
949,Vivaan Mehta,Male,Finance,Executive,Masters,8,31827,4,3,3,No,Not Promoted,Yes
950,Reyansh Malhotra,Female,Operations,Executive,MBA,5,72991,3,2,2,No,Promoted,No
951,Ananya Mehta,Male,HR,Manager,Bachelors,20,95124,5,2,5,Yes,Promoted,Yes
952,Ananya Kulkarni,Female,Operations,Associate,Masters,11,108500,2,2,2,No,Not Promoted,Yes
953,Anika Malhotra,Male,HR,Developer,PhD,19,143638,2,3,4,No,Not Promoted,Yes
954,Ira Bansal,Male,IT,Consultant,Bachelors,8,168950,2,4,2,No,Not Promoted,No
955,Aarav Joshi,Female,Finance,Developer,Masters,9,80317,4,4,1,No,Promoted,No
956,Sara Reddy,Female,HR,Developer,MBA,8,29586,1,2,3,No,Not Promoted,Yes
957,Myra Choudhary,Female,Finance,Manager,PhD,14,107903,2,4,1,No,Not Promoted,Yes
958,Vihaan Yadav,Female,IT,Associate,Bachelors,8,42159,1,2,1,Yes,Promoted,No
959,Riya Mehta,Female,IT,Consultant,Masters,15,125447,4,1,5,Yes,Promoted,No
960,Aanya Kulkarni,Female,Sales,Consultant,Bachelors,5,90425,5,5,1,Yes,Promoted,Yes
961,Vivaan Gupta,Male,IT,Associate,PhD,18,174170,1,3,2,Yes,Not Promoted,No
962,Ananya Nair,Male,HR,Manager,MBA,0,72714,3,1,4,Yes,Not Promoted,Yes
963,Krishna Patel,Female,HR,Manager,PhD,14,135527,5,5,4,No,Promoted,No
964,Krishna Singh,Male,Operations,Executive,MBA,18,155662,4,1,5,No,Promoted,Yes
965,Ishaan Malhotra,Male,Marketing,Associate,Bachelors,16,71290,1,5,3,Yes,Promoted,No
966,Pooja Patel,Male,Finance,Developer,MBA,20,174212,5,3,5,No,Not Promoted,Yes
967,Riya Singh,Male,Finance,Associate,Masters,3,131769,1,5,2,Yes,Promoted,Yes
968,Aanya Iyer,Female,Sales,Executive,Bachelors,14,175328,5,1,5,Yes,Not Promoted,No
969,Pooja Khan,Male,Finance,Executive,PhD,5,54979,5,4,1,No,Promoted,No
970,Sara Patel,Male,Marketing,Executive,PhD,15,178555,3,5,3,No,Promoted,Yes
971,Pooja Kulkarni,Female,Marketing,Manager,Bachelors,19,173002,5,1,3,No,Promoted,Yes
972,Vivaan Iyer,Male,HR,Manager,Bachelors,6,96711,1,3,1,No,Not Promoted,Yes
973,Vihaan Joshi,Female,Sales,Consultant,Masters,14,177711,5,5,3,Yes,Promoted,No
974,Reyansh Agarwal,Male,Marketing,Executive,MBA,16,47050,5,4,4,Yes,Not Promoted,No
975,Reyansh Reddy,Female,IT,Developer,Bachelors,17,117085,2,1,2,Yes,Not Promoted,Yes
976,Riya Yadav,Female,Marketing,Analyst,Masters,4,87507,2,2,2,No,Promoted,Yes
977,Aadhya Patel,Female,Finance,Manager,MBA,8,170286,4,4,5,No,Promoted,Yes
978,Shaurya Mehta,Male,HR,Executive,Masters,1,118521,3,4,2,No,Not Promoted,No
979,Sai Malhotra,Male,Sales,Developer,PhD,9,136726,4,3,4,No,Promoted,No
980,Vivaan Singh,Female,Finance,Associate,Bachelors,10,154403,2,3,4,Yes,Not Promoted,No
981,Anika Agarwal,Female,Sales,Manager,Bachelors,1,39856,3,2,4,Yes,Promoted,No
982,Diya Shetty,Female,Sales,Developer,PhD,7,126872,3,2,5,No,Not Promoted,No
983,Pooja Choudhary,Female,HR,Manager,MBA,15,67368,3,1,1,Yes,Not Promoted,Yes
984,Diya Bansal,Female,IT,Developer,MBA,17,68787,3,4,2,Yes,Not Promoted,Yes
985,Anika Agarwal,Male,Marketing,Developer,MBA,4,135948,3,2,3,No,Promoted,No
986,Myra Joshi,Male,Sales,Executive,Bachelors,14,125462,5,3,2,Yes,Promoted,Yes
987,Diya Gupta,Female,Sales,Consultant,PhD,1,175126,3,2,2,No,Not Promoted,Yes
988,Aditya Choudhary,Male,Sales,Executive,Bachelors,16,127696,3,1,1,Yes,Promoted,No
989,Diya Kulkarni,Male,Marketing,Associate,PhD,9,101126,4,5,1,No,Not Promoted,Yes
990,Aarav Iyer,Male,Finance,Developer,Bachelors,4,76162,5,3,1,No,Promoted,Yes
991,Reyansh Nair,Female,Sales,Executive,Bachelors,13,76979,1,4,4,Yes,Promoted,Yes
992,Sai Choudhary,Male,HR,Associate,Bachelors,2,74643,1,4,4,Yes,Not Promoted,No
993,Arjun Gupta,Male,Finance,Developer,PhD,20,29058,4,1,1,Yes,Not Promoted,No
994,Anika Yadav,Female,Marketing,Executive,Bachelors,6,79896,2,3,2,Yes,Promoted,No
995,Anika Patel,Female,IT,Executive,Bachelors,3,119660,3,3,1,Yes,Not Promoted,No
996,Arjun Khan,Female,IT,Analyst,Masters,7,120344,5,5,5,No,Promoted,No
997,Aditya Joshi,Female,HR,Developer,Bachelors,15,178538,4,3,5,No,Promoted,No
998,Anika Sharma,Female,HR,Executive,Bachelors,18,76427,4,2,2,No,Promoted,No
999,Sai Kapoor,Female,Marketing,Associate,Masters,9,175916,1,3,4,Yes,Promoted,No
1000,Pooja Verma,Female,HR,Analyst,Bachelors,3,36763,5,1,2,Yes,Promoted,Yes
1001,Diya Iyer,Male,IT,Manager,MBA,1,128533,1,2,2,Yes,Not Promoted,No
1002,Krishna Yadav,Female,HR,Developer,Masters,17,106845,4,4,1,Yes,Promoted,Yes
1003,Aditya Iyer,Female,Sales,Executive,MBA,11,94590,2,4,3,Yes,Promoted,Yes
1004,Myra Malhotra,Male,HR,Executive,MBA,18,152775,4,5,1,Yes,Not Promoted,No
1005,Arjun Yadav,Female,Finance,Consultant,Masters,17,91471,1,4,5,No,Promoted,Yes
1006,Sai Agarwal,Female,Finance,Associate,Bachelors,16,68298,5,3,4,No,Not Promoted,No
1007,Vivaan Gupta,Male,Finance,Consultant,Bachelors,5,73924,2,5,5,No,Promoted,No
1008,Reyansh Kulkarni,Female,Marketing,Consultant,PhD,14,172781,4,1,2,No,Not Promoted,Yes
1009,Sara Yadav,Male,Marketing,Executive,MBA,2,34726,2,2,5,No,Not Promoted,Yes
1010,Akash T,Male,IT,Analyst,Bachelors,3,22726,3,2,6,Yes,Not Promoted,Yes
